Age,BloodPressure,SpecificGravity,Albumin,Sugar,Creatinine,BloodUrea,Hemoglobin,WhiteBloodCells,RedBloodCells,Hypertension,Diabetes,KidneyDisease
71,152.79883035134054,1.015,4,3,0.5523669641026109,122.87039286064667,11.830141128439504,5657.634452678256,3.60862552737587,0,1,0
34,87.4465615822381,1.025,5,4,3.526107267702497,46.11847415911792,15.868315394689592,10429.573332646103,2.409577851172706,1,1,1
80,166.89578351188214,1.01,2,3,2.260658162937285,124.66549713810645,10.783475816826469,9747.119682513672,2.246022945834554,1,1,1
40,165.9027880519755,1.025,0,5,6.641519528903537,130.5172555090548,14.497257467835432,15640.252583834008,2.2053374852947103,0,1,1
43,73.21720113380151,1.03,0,1,3.029979566343241,57.58954347903963,7.968187309872186,12872.531376554982,3.52060056783068,0,1,1
22,160.8398425621239,1.015,3,1,6.7064277046536285,143.79381018710208,11.760567021510616,9598.262377038238,3.3489510033433683,0,0,1
41,84.17568542207897,1.03,3,2,0.5044845412609649,26.48181903189135,16.916861403927356,5902.924818656556,4.871748094490278,1,1,0
72,106.8630739685056,1.01,0,2,2.8086436251958937,39.48820292212815,14.704378027923369,6856.230739533417,4.971286006339463,0,1,0
21,151.78590819207687,1.005,5,2,2.308739107308215,89.88554794669686,9.10528488440613,12783.517313974004,2.2034158753349598,1,1,1
49,87.6835885653139,1.005,4,5,2.2517552080145826,94.85302124590028,12.014414736979107,10198.45968329647,2.88449305155606,1,1,1
57,159.97637265309686,1.03,0,3,1.0113996482409702,103.86951082911744,9.336247636485666,11753.767650631426,3.097047400635599,1,0,1
21,161.5347595753516,1.02,1,3,1.9034320280787629,22.20598681101064,11.095609272625094,5901.516400137973,4.190447936571237,0,1,0
83,125.82145071369196,1.015,2,4,4.666621774142149,144.84768070087694,14.800840237349648,14269.406289857618,2.578060895627801,0,1,1
79,70.7024458888517,1.015,4,5,2.6852080462830834,25.79645205543872,14.712248152904037,17493.158594551438,2.535764877600001,0,0,0
40,101.5741946492404,1.005,1,2,3.6304608674686096,38.59805385404231,9.281003779023852,7384.97161537731,5.775155556831832,1,0,1
52,137.86196102133164,1.025,4,0,3.326501602603914,21.821887278387408,16.222233181548603,11355.741839141052,5.216811629191124,1,1,1
77,177.93047958301656,1.01,1,4,7.06928693749921,93.69159632823232,12.925681827648267,19583.96459335533,2.722619608364681,0,1,0
41,139.4994879718335,1.025,2,0,7.289742492578866,141.1946949097264,10.799242909620144,8665.10958936237,3.626271231621964,1,1,1
68,98.57839391705758,1.025,2,3,4.197177287418951,106.57313159046036,12.019355807808608,13115.78786370394,3.422487997030262,1,1,1
78,139.74062734095725,1.03,3,4,2.976169627367033,126.94547090245555,13.050712534377436,4533.326903404154,5.164016296261629,1,1,1
61,129.3983917687441,1.005,5,4,1.3010052800177272,21.72655644961541,12.598905318457854,13302.255042150537,4.040851665912488,0,1,0
79,155.78299346662578,1.005,1,1,7.650521595365713,90.4619888023644,11.864050355361782,4523.740146178505,2.511398947973868,1,0,0
34,81.76787027096543,1.005,3,3,0.9517020867522308,79.74318707571784,12.049328040894,19307.00240050497,4.955968252624976,1,0,0
81,153.71306927522306,1.03,1,3,2.732377081762104,84.8658327487031,8.764119104278862,15166.265085229294,3.587551912899676,0,1,1
81,129.53932365437214,1.02,3,5,2.735496508775032,29.38771409357443,15.127329043046794,16398.71639830701,3.051696990528588,0,1,0
66,175.9291204244894,1.025,2,4,2.903009646051612,108.97659693900997,12.417603199410154,14969.774133117826,3.5019944880828806,0,1,1
81,107.60593826425549,1.03,4,3,1.7321513245430695,85.41865393162247,8.31079861704703,13025.39361329992,3.9910262544275854,0,0,1
70,139.5884082447343,1.015,3,4,6.373710731927729,119.46935048196433,14.66157101582778,10648.517278453592,3.3724620656680377,0,1,1
74,172.52309160610193,1.01,1,5,1.418733964744919,83.08778242802299,16.324439783773506,17592.347455938063,2.9676230903670318,0,0,0
83,81.27607007897473,1.02,1,5,5.261799943648721,39.419612709436166,16.47306899236962,19266.206348232077,3.5940081152159213,1,0,0
22,173.09513359600965,1.015,5,1,1.428845200293631,104.27340403011686,10.690177324111728,11483.614939369383,2.076691642999593,1,1,0
70,145.66742945308948,1.025,2,4,1.029017281947174,42.41022707367161,8.35516873560754,18836.09583563945,5.089991384385256,1,0,0
26,77.46207650156892,1.005,1,3,7.320721277644074,133.41129323612594,12.183996266330652,12916.659469804796,2.683779574270343,1,1,1
40,103.10599236414978,1.025,0,3,1.9259657473902925,99.7051110790014,8.126092293492206,12152.531177239363,2.175618454522549,0,0,1
58,147.89892975098098,1.03,4,4,6.659376159197782,40.43650486240405,16.33987418512617,10726.206460241065,4.614794771620317,1,1,1
37,77.40856616156489,1.01,3,4,4.584731533303518,145.10394747255688,8.835796273551459,6557.891946012038,5.0957445152946885,0,1,1
23,134.03875061939004,1.03,5,4,1.083923897065772,87.38751023359168,9.52765859951164,3063.234233907006,5.255316526371373,0,0,0
79,108.04713626482524,1.02,4,2,7.665861435785506,29.47679874331515,11.066365268849705,7105.605856553041,3.9740367306424,1,0,0
33,138.30070695442248,1.02,2,3,2.3522087524391937,101.48827757395874,10.831644685591256,11665.293917260607,2.821472738759941,1,0,1
28,75.03162371937641,1.01,5,5,6.947340090144548,52.91585791166533,14.94662892397889,9459.319188415791,4.948910708999307,0,1,0
72,165.8690486767614,1.015,3,3,1.7660750433842314,124.48014874404932,11.563168205509625,10624.248876044774,4.798852308617349,0,0,1
21,177.08378660951365,1.015,3,2,6.904571616063897,126.31686956360478,8.707682600033369,19671.019732588844,2.985082936412693,0,0,1
79,176.57656408142606,1.02,0,4,0.5992160967897049,147.26315626110605,9.67209895486074,8954.63030137857,5.613631023451172,0,1,1
63,152.46170149172173,1.02,2,1,4.338353424271105,85.24303903318548,12.09113385187522,10687.109969121831,2.417485832331316,1,1,1
27,84.30948641436952,1.005,5,4,6.270819345661676,79.14439436460583,8.474539174261349,5269.764372997933,5.930752958365303,0,0,1
66,153.4089515521925,1.015,5,4,7.510966381195875,117.95182870804248,13.116556756460142,3815.28145142879,5.440991243909858,1,0,1
54,72.70456081046817,1.01,1,2,7.319016021548653,37.22118532445045,12.65747306551146,16181.961748072408,4.751594581916301,0,0,0
55,72.4335906681897,1.015,0,3,6.6471865216073365,91.09901679310614,14.147023163822578,12701.613976223636,5.754999553119331,0,1,0
69,105.59712410644954,1.005,0,4,7.161435122459781,91.01218801701064,16.37704615379368,15931.981702746216,4.889244673294831,0,1,0
23,123.75075094451324,1.03,5,3,1.9941476437780736,31.63150596535034,16.122545611011557,5547.667581071378,2.761827988120184,1,0,0
21,154.74481595885726,1.02,5,0,2.6313822178379658,74.33793111589875,16.460756180688314,12721.089110105746,3.768624552451247,0,1,0
25,145.16249142671558,1.02,4,5,2.667263936907939,130.92702381373624,9.44715597023701,7311.922063803384,2.286012097326541,1,0,1
73,119.04929770144231,1.005,4,3,3.327904482512741,131.29997085930583,8.315653066393546,6877.050887300338,3.5586296891524616,1,0,1
23,100.09893329098324,1.01,4,1,3.4499050278889154,32.90089643955853,10.022767004964486,3195.942238900749,4.966412078948835,1,1,1
73,179.6836950173482,1.02,0,5,4.584164934910066,31.79371475721801,15.950851727663146,5215.792300674222,3.545773403723269,0,0,0
82,116.87994324595702,1.025,1,1,1.6990982252483104,54.15041201025159,16.720534746234883,8257.557895494821,3.3211767018725364,1,0,0
37,119.6525726762643,1.02,3,4,5.68434997839492,133.71958813201917,15.59324951070476,4986.938930045964,4.381422890041248,1,1,1
63,87.99862033108361,1.025,4,5,1.7567490447837986,36.75733605955486,8.100177211275437,19759.593486985937,5.48881811599558,0,0,1
53,157.42905036249223,1.005,1,3,2.8273136157841066,113.59958434156802,16.47427998059793,8246.755024907161,2.1903327701844497,0,0,1
81,146.30504483596377,1.005,2,5,4.275088479546156,33.151530549703416,11.23358027350786,5215.507093939579,3.5418817387989416,1,1,1
33,94.28465740676364,1.02,4,4,6.47330421142608,101.0079209872173,7.093102907623537,6384.399318075282,2.632962967261051,1,0,1
67,79.06191501774269,1.015,3,2,6.046019249290454,66.28874888548881,11.423937407481937,12990.9548818051,4.781417002927478,0,0,0
34,144.85492322821844,1.025,2,1,5.341507673078917,122.55881518556272,7.460691696754676,4088.739905701405,2.4228982417245395,1,1,1
81,141.99623357092486,1.01,2,4,1.668299454351276,50.37975834729727,12.438779211611177,17661.380212399665,4.659231034320978,1,1,1
59,100.05854796980304,1.02,3,2,4.602840092116833,103.09623782069478,10.385540274370513,19345.494547031503,3.1447234831916293,1,1,1
72,174.59499184754517,1.01,4,5,1.1558487634991408,50.638729494865046,11.734349335940488,7194.706151345475,2.795667254948899,0,0,0
43,86.61636809589902,1.02,0,5,3.3302238259748806,112.77583680458,13.13170360743117,10651.61956604461,5.7454102312999416,1,1,1
45,117.5568281146862,1.015,3,4,3.6013739771746938,133.57814449289734,15.688010958178204,3376.28566750145,2.0740983069838235,0,0,1
79,173.79775121843588,1.015,3,3,0.7985857958431537,36.484233886478805,13.619015764719286,13892.073820362766,3.751109087558276,0,1,0
60,116.17000486187344,1.015,3,5,2.5549107460247886,132.65743951741547,11.340488684781809,10036.74298689401,2.086507969847175,0,0,1
48,140.2378542430494,1.03,2,3,7.66737100449867,97.16478307385871,15.194278536703653,7590.993923726447,3.934372192417316,1,0,0
34,113.73538377590737,1.015,1,3,7.652244558722671,36.52436381271312,16.05582137573132,6516.230880482344,4.004189511177673,0,1,0
64,100.1636722583537,1.005,0,3,3.1424529068940448,75.58044119676256,8.197599664321972,14118.392320198927,3.286649885578988,1,0,1
84,178.23754127558112,1.005,4,0,0.8232508171124304,40.911838153062725,12.319329775527915,10075.689527549344,2.5286471101000947,0,0,0
28,115.02674069465472,1.03,4,2,1.8432120449613616,111.04522555265405,9.84511959742444,6054.207913508504,3.505550150937901,1,1,1
20,168.3509124047048,1.025,1,2,3.441633450751551,118.65285747433346,7.470611978769474,14714.854385276009,4.689051759730264,1,0,1
27,95.29500664801948,1.01,3,5,7.608347734769223,33.75354763546386,13.685466951139851,12606.228811623792,5.1295832345778365,1,0,0
82,93.44151744275916,1.02,0,5,1.558992976528887,85.79818085030377,15.627707774592256,17597.424933801434,4.123002409552569,0,0,0
30,73.42474911729624,1.02,4,3,6.226368827511592,125.90125728336923,8.629026544773941,4997.090280900379,4.359337577759023,1,1,1
27,141.68335079134735,1.03,5,0,1.3151190453101906,141.70119540162955,15.124136576239003,16356.332233055757,2.8024654844986108,1,1,0
54,110.53789780961372,1.005,4,3,7.859431830434576,86.7573226764301,15.533957335369417,14449.785375893403,3.149321332910598,0,1,0
54,165.07940748236007,1.02,3,0,3.3621237433185125,143.53629906948294,16.143404426664837,4955.185926077663,2.6475824402094337,0,1,1
52,122.05308973607129,1.005,5,3,6.31425904174292,89.63956615928387,9.652850890860524,14811.952407819252,2.9971814000184454,1,1,1
24,176.50127707061938,1.025,1,1,3.0694331210834886,71.24476429798804,16.039530651898893,10506.303910957118,2.899547120902127,0,1,0
60,90.40780672734331,1.01,0,1,5.207516578691065,130.2664067118764,10.206627547364322,19064.74135444933,4.07779514556495,0,1,1
47,165.54854847511717,1.025,1,4,1.9401206355502756,84.08775235955157,12.523380134555028,5407.392960504289,4.250755023162918,0,1,0
26,155.42565380709158,1.03,1,3,1.595157644727219,81.347326373388,7.505074708322821,13928.167643867546,5.779789683286018,1,0,1
31,154.80140291084572,1.015,0,5,7.535481046760984,83.74062362327768,7.438810883687436,9493.66077287008,2.782282588406092,0,0,1
53,162.92615509285764,1.015,0,2,7.38235458428325,130.0820502430669,14.203732127322027,19265.84940004492,4.566702840645984,1,0,1
52,153.71263900372986,1.015,4,4,7.156017051596618,128.1524004194468,11.44479977977791,8609.5732199347,5.269037075950092,0,0,1
67,138.88423537945567,1.025,4,5,5.190750876249451,72.45759901722747,9.562923753692177,19357.160461360603,4.24096585513221,0,1,1
42,84.43693654506264,1.02,0,1,6.562011584122087,63.32898178316825,8.904134960249102,18325.25946871273,3.020014610004303,1,0,1
81,73.57787974403772,1.01,5,3,1.017777026835312,83.9506431250868,13.69953490859218,7596.515000281158,3.050200920080001,0,0,0
56,171.29326325972556,1.015,2,4,3.0109178141800936,94.46042626582415,7.004015440253399,16660.21020604927,2.157012212284,0,0,1
63,137.83153459728118,1.03,4,3,2.852773435678672,50.9838373816396,15.058911691968545,19925.271430659603,3.2217769061939268,0,0,0
54,157.6191020073794,1.03,2,1,5.2673399146446,123.21416101302678,7.792496061299288,7295.271036911799,4.97841471601352,0,0,1
84,122.96745866638052,1.015,5,4,3.169683301029804,83.24275954521497,8.914896149081194,10425.211878496431,2.190071028828441,1,1,1
66,82.90390078586339,1.015,0,1,1.613800862327606,63.42592129459474,10.862363952990895,11843.072521634916,2.877181130019322,1,1,1
22,83.77043714228054,1.01,5,0,4.9735030656015775,33.88672908531878,11.848587397161037,8013.829308665693,4.824929994127128,1,0,0
20,145.41218159518684,1.015,4,1,6.607879405018111,51.0498708524689,10.549951158139418,3259.502273982506,5.130606251291507,1,0,0
24,117.3336484389409,1.01,1,3,3.3659262084497987,143.40655232827788,10.20712164984294,6742.197151357954,3.8212736402477137,1,0,1
33,92.05771993703704,1.03,0,2,1.4920153632386128,59.66295928653846,16.639160120731884,7792.927033809894,4.792297353914595,1,0,0
46,124.07540014155803,1.015,3,1,1.975161479846173,41.95170761771459,13.415796812433944,10541.19492240918,3.551808674619568,1,1,1
28,77.06298307826475,1.025,2,5,2.28112478877038,79.88746291514911,7.234329553673882,5908.742133027832,2.63965298009651,0,0,1
34,134.01685421058386,1.025,5,2,2.749231947459021,59.92140663683233,11.301759084443132,17845.324063758435,3.592597974091626,1,1,1
61,99.58927448786076,1.03,0,0,5.320963028797318,24.57070253525524,15.750086997439702,14983.489256432713,4.319871280812571,1,0,0
70,157.7315010700907,1.01,5,4,5.007091134032892,62.00887824632424,10.01456186410668,4448.408118514253,5.792213127411561,1,1,1
82,104.13981548159312,1.025,0,4,5.720598961752794,90.73412111213092,7.945563447743883,14051.571669378834,2.2750038083547093,0,1,1
71,120.07421639899812,1.01,4,2,3.2187648839863487,91.7226083625957,14.58384771589918,14112.160098895549,4.029576375379842,1,1,1
23,71.27825938989108,1.025,4,4,6.6799823890998375,66.35265975299552,13.060138319360814,19255.75995194167,3.315679112842897,1,0,0
42,77.96915765740148,1.025,4,1,2.030657458668202,78.14935831283807,12.70312507826504,3051.354813054741,4.033246777106778,1,0,0
34,113.17429120473534,1.01,5,2,4.017805606386155,145.51732937051963,7.535765596074079,7214.851646698722,2.0959017895061267,0,1,1
62,122.7932718188836,1.02,3,3,6.507040411560728,69.0553020399405,8.404990097955173,18772.455149380363,3.2521014188063253,1,0,1
48,136.0022602931234,1.025,4,1,1.8511898579946444,53.56948572379779,13.225493962131138,18846.276561770814,5.27947259010802,0,0,0
55,102.08288365802336,1.015,0,1,1.3239733530558722,51.65071572867882,9.07823841458836,15249.969129300836,4.21576693541855,0,1,0
32,146.4480074739197,1.03,4,1,7.127629757659923,79.50939965153745,12.040700797484243,16017.97645780818,3.8023299712644696,0,0,0
51,164.61346369081252,1.02,1,3,3.0719724706939693,118.73761933320272,12.448816860293936,4555.210284804001,3.1421002868613583,0,1,1
78,155.78360877826847,1.01,4,0,5.62902593681774,46.77846394450152,9.835071902709394,11735.889191229971,3.192170091165424,1,0,1
47,74.35807078831928,1.02,5,5,0.6901145319795385,112.20849652829985,16.48425155541493,6936.9108519129895,3.532405734362338,0,0,0
61,122.8557641983612,1.005,3,4,5.675351663070872,22.74947703542412,15.42464106835575,6080.706741431493,5.342282839858242,0,1,0
64,81.54231962599924,1.005,1,2,2.870759836602279,74.46128713791299,14.223735076327984,16775.156085096653,5.8688528272330736,1,1,1
81,96.62495174487802,1.025,5,0,0.9180564019058132,120.86245847636228,7.779938664094091,5295.648323569307,3.754621525401498,0,1,1
76,178.5328852593861,1.025,5,2,5.073595711610878,64.03528425067609,8.061300193090194,10967.077828938547,3.573411354991048,0,1,1
25,85.67450971916645,1.015,5,4,2.3060286205487994,93.28582318790193,11.927813458649556,18955.830072962563,5.386203103279451,0,0,0
47,124.87769687964916,1.03,0,3,3.4010543153891,46.64730026736841,8.607133491909856,6159.144944610824,3.7076212825452144,0,0,1
47,137.99713077499308,1.02,5,1,1.104356092148852,116.4594008464024,16.78265463529474,19625.88820354999,4.208072689182605,0,0,0
63,147.27114675985143,1.005,0,1,1.60372438321209,26.79628342493875,8.585202340274094,19902.895757938004,2.9237666583949777,0,1,1
49,131.56135518356055,1.025,5,3,2.7348292662188283,130.83054383381506,11.87467835463974,12445.491629600849,4.974010143116301,1,0,1
81,71.07479321611021,1.03,2,0,1.1731962542011785,45.76553023481686,10.641210568415056,5892.426583011685,4.127953273083127,1,0,0
81,105.91074390683912,1.02,1,0,7.331196985147364,133.671744122083,13.39386421454098,8373.783094995226,5.236138200961367,1,0,1
20,126.94828077231826,1.025,2,2,0.5453528238798382,65.82880136906725,8.290364088894249,10216.378155501096,5.122930920114679,1,1,0
46,79.66531490593167,1.025,5,3,4.128951641482336,113.94886468168326,11.303164280423909,8258.51181408979,2.8600190730801143,0,1,1
81,108.56896243300989,1.005,1,0,1.4243559359941358,61.4992887122045,9.747050328071436,7770.804857900768,4.862542202231049,0,0,0
22,73.65234196705032,1.005,1,3,2.807593171084614,137.76851726050418,15.87751524671688,19527.90505667808,5.200217631805486,0,0,1
46,78.64363468705228,1.025,3,4,7.445446698636991,36.46282631738867,7.405857121346951,5607.202066067675,3.3844289631295803,1,1,1
28,113.66156038217557,1.01,2,1,1.7127091495549014,43.20757260543783,16.137274940064593,15466.57444818666,2.690436451609098,1,1,1
81,84.59873294473664,1.025,3,1,7.743742397887495,84.0939162706443,15.329941385530004,3006.974920465973,2.0105286223183527,0,1,0
56,132.42949330877138,1.03,1,1,2.0434578274206627,30.651997074959,9.975707164408156,13135.105379840406,3.8036146123725927,0,1,1
70,145.84114660509923,1.025,0,3,6.061745813501222,45.47742401122905,14.892906546771048,18571.03106721889,3.4097309261553663,1,0,0
63,158.06453690199913,1.015,1,3,4.600079486729838,142.68962968756188,7.312135603387476,7894.879599584723,4.219639335301636,1,1,1
43,92.01652686692913,1.015,3,2,7.133590456975694,146.94365594922533,16.668655502933937,6153.941579381226,2.752164370355143,1,0,1
78,88.42308404849767,1.015,2,1,4.654949416273482,68.91371281295486,12.265949425897894,14078.55651293326,5.438662190665901,1,1,1
51,81.50246243678403,1.01,5,2,4.509194143672315,140.02718273181165,10.032810260654452,15114.223924072685,3.031020862512438,0,0,1
71,140.00732744980002,1.01,5,1,1.9659350027629992,90.82720783754613,10.62583212594677,14696.518822183682,2.9057184203506,1,0,0
81,147.71232991355913,1.025,2,2,1.7467202153874404,55.06652056358972,7.664053534604974,8428.386960363358,3.922856225937424,1,1,1
77,73.47447593082063,1.015,5,2,7.373668633366357,111.31183374047782,16.89349514042039,7287.440836708625,3.995404094977097,0,0,1
71,172.98334708680588,1.01,5,4,2.9587864913752555,105.65723485473144,7.392919451506924,19250.61959935475,2.860340915140372,0,0,1
31,75.71684120166196,1.005,3,2,3.2906169122217195,148.58629148413533,13.54907123147859,18696.0916405888,3.087442906903663,0,0,1
58,129.54259688311777,1.025,2,3,6.198677438212913,54.45614736320683,11.427359277064582,10774.382368177943,2.67882095662098,1,1,1
21,147.9966571396008,1.03,4,2,3.0411761181710557,107.3677353460256,16.489162181887153,17385.295724624346,4.873840713292667,1,1,1
22,165.8066036120694,1.02,0,1,7.64046834979252,26.763088153828097,9.459997403067952,10689.499119783031,5.080356125016328,1,1,1
75,148.54956253456706,1.025,0,2,6.034458267491003,34.77398503057353,12.320868239380111,10214.613307232676,3.8493139898371305,1,0,0
78,158.1900891376771,1.02,5,0,4.9807193193006505,20.509388743642123,11.823562085827527,5664.970109188009,4.85634809074007,0,0,0
21,107.33952117970868,1.015,0,5,7.106713704085643,149.9298885377575,14.028664440501014,10248.90296036354,4.943741567749783,0,0,1
21,159.63076251211635,1.02,2,1,0.8720443126211206,124.29558062917212,7.680102319524205,12136.08795619672,2.5531021107112344,1,0,1
73,78.81263310231427,1.015,2,0,2.4279701914190657,122.2739919153603,8.937891300233549,3382.57356628767,5.864712099338147,1,1,1
20,168.42983216665806,1.005,1,1,3.9877725066568246,86.26438978746336,9.145648200928498,10549.92108798191,5.2841277883857245,1,0,1
38,130.23516137691098,1.02,1,3,2.202339046036408,59.00872077770719,14.381507548416897,16283.055712718406,2.817933844783294,0,0,0
21,159.9027546958743,1.025,0,5,6.079288904766139,39.66435698014787,8.8913869632674,14560.782958362588,2.744660142984281,1,0,1
72,119.755011297013,1.015,4,5,7.394060232902939,57.00771605004027,12.734917638909767,13797.668810686897,2.502644582318331,0,1,0
63,140.79354647161773,1.025,1,3,3.6782758994819256,68.87625885078808,9.152438205009537,18462.442283432443,2.553514250167673,1,0,1
51,127.90429270297246,1.01,1,5,3.065994500839212,118.32031260743824,15.616249500839784,3306.54416702891,4.992647196114785,0,1,1
51,150.47484739308652,1.015,2,3,7.711630491031747,90.15603255740982,16.421854544896384,12469.80896526798,3.878617027806494,0,1,0
74,78.97929802336485,1.02,4,0,3.836393246206556,30.072871452212752,12.184929749422404,16384.930422965022,5.131736690959469,1,0,0
75,76.63872923896201,1.015,5,4,4.167863003369624,22.34377116465859,10.523088842091784,12202.701505921545,4.985019577400822,0,0,0
36,97.1813557411161,1.025,0,1,3.13737404256429,33.30318333942821,9.34057775017499,8506.224393866447,4.418450854020886,0,0,1
57,87.54991481245071,1.005,1,3,7.321613547591037,73.36483278065931,7.497810015230438,5316.259606563624,4.745466426314718,1,0,1
43,165.89619232514218,1.015,4,1,4.767166124613881,141.3150792163724,9.685000761974957,18088.57222087525,2.073422897516567,0,1,1
30,94.11353860938488,1.02,4,0,6.216309403862335,102.8623225571988,13.542357799453178,11002.960670589251,3.247110587220088,1,1,1
35,177.34517814010445,1.01,0,4,6.588550387631647,124.23736698381695,12.336169313092109,17927.958348756925,4.551288717037641,0,1,1
78,107.05853709482176,1.03,4,0,3.0638678143794364,80.6286972855913,16.440412782809275,12959.48608136386,2.037379813944977,0,1,0
22,90.03297072575693,1.005,4,5,3.7527074849028494,67.01659081535556,10.962772624917006,14461.265982455014,2.1319077747303736,0,1,0
39,156.86683578567272,1.01,4,1,6.8635383080469845,34.09204845316096,13.938633423283946,16672.439624433653,5.407551929881533,0,1,0
78,142.45785530509636,1.015,1,4,3.224415137568577,133.87129288420664,11.893227474751214,14205.644258202285,4.736099446768288,1,1,1
55,124.80152880984528,1.025,0,5,6.4545135008888845,121.81080377362736,12.125762159242116,9766.93229154194,3.061478932481376,1,1,1
38,131.08999060313943,1.025,4,4,7.557442419308278,41.85535268770427,9.677743146041175,11731.767526787067,4.751851360474836,1,1,1
38,149.11219560994903,1.02,4,5,5.174077798010052,86.59387330391387,11.549507768419996,16651.773919489955,5.169826676557053,0,1,0
39,95.13002154644286,1.025,1,0,6.062204655889167,83.35872502976184,11.707849970127072,9352.055038340732,3.227177132440405,0,0,0
71,179.5967307662416,1.005,0,3,6.538229840308512,101.26190184924872,14.06642521748934,9598.06476506445,2.14414950999675,1,0,1
52,177.22724783614615,1.025,2,1,6.837797366724819,143.00429621886394,16.40639999186114,4626.731972986019,5.7311164987509375,1,0,1
59,141.53582549816306,1.02,1,2,3.46290003392597,95.37028742912236,10.293212774825044,18547.93539876971,3.380719353182522,1,1,1
58,91.94966960220596,1.03,0,2,0.8844759438199863,90.22824468122042,7.422004685812984,4547.617354072509,2.425927053138825,1,0,0
20,144.82510666744204,1.015,4,0,3.5140720342755465,26.541981281506317,11.962951255006397,14019.55601662545,3.9674274855725895,0,1,0
30,77.94182498770934,1.015,0,1,5.553171723380673,28.177971882343112,12.444613321491689,10024.30613964756,5.073871182656536,1,1,1
76,73.37177524263866,1.025,0,1,3.877627893355946,44.35508287248256,8.684405511319152,9895.52963434252,2.8865892584702366,0,0,1
69,98.3451177362335,1.01,5,0,6.1172236314529895,24.22120031992728,14.604646062760668,14552.381221735626,3.077960200533453,1,1,1
42,120.8885252413248,1.015,0,1,3.177368221014979,116.6358764241016,16.849291084414915,4140.593454707938,2.9708599471943327,0,0,1
50,165.50997559492183,1.03,2,3,5.260581058280222,114.0329395192152,16.45774717008461,13092.99831017439,5.966692211326713,1,1,1
61,149.98859767429389,1.025,0,0,1.8981485364048092,37.68731047611358,8.971060388236522,16124.540361530033,2.78961493492217,1,1,1
26,151.69771733199792,1.02,2,3,6.120270774837177,128.6902571033865,15.753632399007609,17079.6168840721,4.302080867864496,0,0,1
35,116.80426678928828,1.03,4,1,4.5927197660976935,40.12218452999456,14.044936364116849,5899.01661969418,5.701058566627857,0,0,0
79,108.05284918016592,1.025,2,0,2.0304829140995047,59.152826309656646,11.538465638069116,18256.12385132895,2.587586275511117,1,0,0
21,110.8142639283063,1.03,4,1,2.6893338012335546,52.366996890977454,12.40610994324729,14154.483561406518,5.8834167914708,0,0,0
20,178.64145201096636,1.015,4,0,6.114565314363743,68.39992281449622,15.49600174982458,17991.531613951607,5.789908937582498,1,0,0
67,74.41201105537307,1.02,2,1,4.119509267461405,53.10628956569504,11.801349396383731,11249.772190873373,5.53828794823305,0,0,0
31,165.3734645734693,1.025,1,3,2.120235802948041,83.56362043699878,10.73207369105127,12214.566866652434,2.858226085320009,1,1,1
56,133.65429494296328,1.005,3,3,7.754533927777232,72.9630245761091,11.932474930259858,18623.65070948741,4.536220224043934,1,1,1
51,118.24769611085496,1.02,0,1,5.863437648626659,148.25403380131246,12.79129804035049,18298.46223702942,5.043565891844961,1,1,1
28,149.77834264566502,1.005,5,0,7.678511244048471,27.27042551666933,8.890776537783488,10618.734847273034,5.944111712785719,1,1,1
38,123.5335835567173,1.03,3,2,3.703287840202574,38.48357893035571,16.00907730266991,7665.014737806589,2.7216952883254817,1,0,0
67,166.07655618898266,1.01,0,3,4.063252555187903,26.867366208118323,13.74186948829614,9683.89738759249,5.064103598077185,1,1,1
22,169.07720504123844,1.02,0,3,7.2346641213876435,101.35935534770886,13.332689173374888,9591.993585005745,3.355204679708452,1,1,1
39,116.38930195608008,1.03,4,5,4.437870051840385,27.086206063783543,7.994962261806381,7876.736874707497,2.7025058622720093,1,0,1
43,100.45105769585568,1.005,0,2,5.804591839292503,128.73716585889605,13.041739381725918,7565.853273660432,3.68550776485542,0,1,1
73,135.15853614526986,1.015,5,1,2.3912965812164746,86.55202198865061,8.209606622384923,17638.06992015523,5.175343648594465,0,0,1
52,170.35996801783602,1.015,0,0,3.850448515269804,88.51099119559939,7.786976751953991,4187.652651639249,3.8593992148162086,0,0,1
43,93.17284079062333,1.01,2,5,1.4258739935776634,93.00728600258525,12.273108956423933,14519.3900956931,4.150092400812194,1,0,0
55,138.52632419198312,1.02,3,1,2.0448502690772123,42.2057818198074,11.02785534046495,5937.940874759689,5.980637640800484,1,1,1
57,139.47162421017725,1.02,2,4,0.5070756145072332,45.69973940488338,12.888102701562232,8856.600187699074,3.596437198229704,1,0,0
44,150.6424324656809,1.02,5,3,0.7944878873649517,61.44625197349061,7.892221680572386,4046.231580292226,4.461603018836959,0,1,0
37,84.47244536399857,1.03,0,4,7.82962867382697,97.15453405684067,11.309830628472584,7589.5518265428545,3.4609768064614874,0,1,0
73,148.74074611502974,1.01,5,3,2.317652713525717,47.31531087222788,8.74786715045158,16063.158208993116,3.57114258531482,0,1,1
54,169.99357727322052,1.02,4,3,5.474830321280015,35.12312452732396,16.871000859241164,18045.260517303395,4.782563013781632,0,0,0
80,89.76514197572662,1.03,2,4,6.793247740997087,146.1151952343962,12.611502124351745,6765.96158234024,5.751547904379533,0,0,1
60,96.12976574162654,1.015,2,4,4.629953444274232,22.857635925250975,13.874368609408672,10880.31326740167,4.169435801969286,1,0,0
52,176.85346034458036,1.005,1,1,1.6485837506296714,124.3506626936828,10.254182806826078,10995.50881493251,5.073599715795119,0,1,1
52,89.90746479804388,1.03,0,5,5.960873280021248,122.44456944475289,7.947389147793442,17850.780197915483,2.3568262352678557,1,1,1
33,163.98236027065371,1.015,4,5,5.001885575746873,58.63783479986248,16.758708627835368,15967.583898888692,2.844632149727708,1,0,0
40,124.15056420928384,1.015,2,4,5.984379420105313,37.631460080950745,9.862590353831832,11722.312712256848,4.00852656367813,1,1,1
67,97.19541818434948,1.005,2,1,6.273099671428154,38.93172407170505,11.238081851735744,14402.702408020148,2.080046894515099,0,0,0
39,165.78248913997624,1.015,4,5,7.815577757635588,110.66611024083502,13.498639217025753,17405.035916459237,3.011419915050235,0,0,1
27,118.9835780502932,1.01,5,1,4.801724600200325,103.56485684120256,7.246972976861112,3162.162218434264,4.069605159299865,1,1,1
26,126.62990893226592,1.005,5,1,3.0623083451795137,121.75693765268028,15.102591305172869,9849.130527850826,2.059844793025203,0,1,1
36,109.51567063397422,1.015,0,3,5.363484176751778,141.8725524118836,12.365781900286205,18423.133843710337,3.058185144904167,0,0,1
52,135.22459365784204,1.025,1,5,1.013305319319696,109.95055722465696,9.782171870688222,15585.321524347171,4.0561232779034775,1,1,1
67,87.9876259843525,1.03,2,5,7.230479887411898,40.26069975168765,7.616079852924693,12228.30336367927,4.292596991924983,1,0,1
78,113.01896903169369,1.015,1,3,1.395357585036476,51.64754017950339,8.624984154744414,12003.956959597268,5.703006772221222,1,0,0
41,176.63535545688163,1.01,5,4,2.958821284143637,129.4851850135049,15.950338588534368,8912.091659275442,4.581382493002431,1,1,1
49,98.39467759712404,1.02,5,3,6.618090354695907,47.20978985844711,13.86024223935891,11848.849071905746,3.658943210119975,1,0,0
57,142.24103309954214,1.015,3,5,4.979842837480339,29.427901204082584,9.499017216368898,14141.514390878703,5.721404708532271,0,1,1
70,105.77090706471644,1.02,0,5,3.452266402080816,111.42640702549257,7.656007649450295,10112.171653289482,5.1395319335511775,1,0,1
73,155.08204382552606,1.025,3,4,4.05076744531266,72.32842621371847,13.906153123866364,15140.603488666957,2.8000356844509904,0,1,0
27,84.39610267901848,1.015,3,3,6.909105449016352,139.60520683096746,12.724077259677651,17640.94786342656,2.523369445395279,0,1,1
46,176.68031495863994,1.005,3,0,3.050032895449191,104.533159242176,11.04519524458235,5629.64241914264,4.703246542970932,1,0,1
46,119.91684955220032,1.02,0,0,7.022372636091285,31.754467112915897,10.63611449190064,10676.299387896215,4.239532662307935,1,1,1
40,95.96555096811105,1.025,0,4,1.1610082323251862,143.2213537429759,9.168142759291085,9936.34155184638,5.158694455171023,0,1,1
49,78.0846422063014,1.005,4,3,6.32598827906473,53.612444273231965,13.696112565375175,14686.901668845378,4.955220200314746,1,0,0
47,88.67336955962948,1.005,1,3,6.856607247910523,63.83762375281715,16.706680277938705,7247.746909384799,4.50084613543006,0,1,0
83,127.17513434116194,1.005,1,1,1.8636323962800407,72.29385377886047,8.757152458368259,13884.265554188696,5.945528686515569,1,0,1
80,107.07034940744148,1.005,4,5,3.727598992791503,26.659158532560724,12.971166200155034,17917.317109435295,4.134358920441635,1,1,1
67,161.17717024708705,1.015,4,2,1.7412483099774172,84.54700488997864,11.241850557459763,10108.237196491586,2.45242302600688,0,0,0
38,117.39762760279864,1.03,5,4,5.799530967456633,36.03140383978799,11.466887217446647,18487.26689964674,5.313094259263954,0,0,0
23,97.35856998463927,1.015,3,2,4.5151082604624255,72.12614246948573,9.541472801278143,19883.78356186913,3.007413449382836,1,0,1
54,137.88594852644331,1.015,4,2,5.264925100312408,65.59227243897095,15.25134875661419,4803.564849115185,5.109208592575673,1,0,0
83,147.74549385739903,1.025,2,4,1.973652252171584,120.46921084544545,11.852556041472411,6961.904195742596,5.828428384000206,1,1,1
68,88.37460986910449,1.025,1,3,2.0880939653931465,124.41216651225504,12.43405852198264,19156.455775195584,4.787182055857365,0,0,1
36,88.43811379171494,1.03,4,4,0.8112299413242978,39.94367471058144,10.047609127973256,19291.570670183573,4.384120643799204,1,1,0
63,74.03385696268973,1.025,2,2,2.915506513967973,67.65165435929941,8.818084656669498,4661.023681574894,3.8415447027001615,1,0,1
49,151.00422165722046,1.01,2,5,4.6980849600025625,68.53591093413812,7.859103882028204,3254.9745064113235,3.457639463981613,1,1,1
65,143.01849803839855,1.03,2,5,6.934511854979966,39.68335771169106,14.14119140924916,5738.700395359178,3.412019003887345,1,0,0
25,122.20939633247951,1.025,5,5,5.501955855940105,123.79895565665475,8.962342816878555,19932.21731749822,4.545490822838362,0,1,1
56,162.8587493866117,1.03,5,3,3.765472425498136,111.93968268360504,13.900753541887976,6059.993482381677,5.005092467750984,0,1,1
43,158.62371682450583,1.015,2,0,7.648400857956034,44.74963221861452,10.90376446046954,11543.309314274393,4.714068277937658,0,0,0
65,134.38898008364274,1.015,5,4,5.894339004318739,67.67384811719387,11.157748009896515,17423.101349318687,2.793640404774251,1,0,0
72,165.50984085645845,1.03,3,5,7.476239021469125,33.75465323134685,11.691774960927717,3346.827381699508,3.9759487205739648,1,0,0
79,92.6425331040445,1.01,2,4,4.456909799541243,101.6668576220957,10.677085081275433,13276.312698393813,5.166560288732252,1,1,1
82,82.31115813375007,1.01,3,5,2.441782060948547,35.778350191320555,8.006199772225902,7709.432630783614,3.902816312756225,0,1,1
51,99.67245726686886,1.03,3,3,0.8962001477354149,148.1714419212393,10.09631810002846,17659.69357947544,4.146493118941976,0,1,0
52,76.27955416982464,1.025,2,0,5.945636386128879,121.4886697094221,13.637343606939384,7818.839537489346,5.084544192683289,0,1,1
37,128.42864808011353,1.02,1,0,1.409772485041506,70.73101144591936,13.65784401468871,14674.84724479245,4.645061225060366,0,0,0
44,173.02662615244577,1.01,2,5,2.770813462039754,95.21331119631608,9.862243072399943,14461.733751605749,3.6373796835295695,1,0,1
73,74.32778947353606,1.005,2,3,4.49353180912923,138.47443610813315,11.60102626557688,6765.39033061388,5.581650844776876,0,0,1
77,83.43209054110295,1.015,5,1,4.733124408348107,92.0329064514574,8.934472280119374,3591.586397761952,2.6502682746539143,0,0,1
65,119.74189311117787,1.03,2,4,5.00437397740352,42.68480323173417,9.103720815298358,9957.242754351752,5.982065794361299,1,1,1
43,172.72625192806953,1.005,1,4,1.7469149776227548,69.23143622555071,7.230470884066074,7916.283583419785,2.475410313904949,0,1,1
51,104.77717154744256,1.03,5,2,3.3480305361623657,129.6088324538669,15.967465499077448,16752.621743433047,2.059799884416956,1,0,1
66,125.79582895572317,1.015,0,3,5.12895670337725,103.74769207865032,9.10706665074906,16606.19120374087,5.560075604595059,1,1,1
42,74.57301449554313,1.015,0,2,7.7736414847533855,104.59416996339404,9.275338769364634,10769.407187274634,2.9798140334638243,1,0,1
46,86.31775210582978,1.01,3,5,5.957233532747665,132.6867931395036,9.796014326451315,13310.70783049472,4.918798509786884,1,1,1
21,178.52931352547316,1.01,3,2,7.419528178204684,136.2164974701256,8.27408071695429,13272.411771777728,5.244061499728277,1,1,1
36,176.16305660796502,1.005,1,0,6.216590437356328,139.5730343313267,13.392628831813628,17061.688523269597,5.435945564128467,0,1,1
52,70.54339790278506,1.03,4,4,4.937877266693003,32.33039512291029,7.751429531775866,10225.041040094358,5.966376942656667,0,1,1
28,174.6992963965563,1.015,0,2,1.940175268522584,90.73638025520312,8.342024263263502,7682.593556438655,3.1761588401599963,1,1,1
62,140.30319315970505,1.005,3,0,5.500142389193848,116.26623775838142,13.447567265900927,7505.593608389307,4.8409733677090365,0,1,1
67,165.47101239720243,1.02,0,3,5.175346744699303,118.4004898665118,10.396606204814429,12115.26874779747,2.461599433123313,1,0,1
58,120.0213841197245,1.005,1,2,5.018518778429498,98.8731062561005,14.07947826701189,10635.519446447614,3.6272371654273976,0,1,0
61,126.71556314371752,1.025,1,5,4.173394009911806,41.68235357387764,12.57424744670142,10482.053106743915,5.391886773250361,0,0,0
45,123.77312382826122,1.005,4,5,4.464924529919568,123.66467201241636,9.56021173061513,4549.334764525023,3.4706321842364334,0,0,1
69,143.35506833007148,1.025,4,5,3.0083189533857806,113.61447335694294,13.50827950489328,15216.263591733325,4.364381522142456,0,0,1
44,85.36163802319442,1.025,5,4,4.3948451948172735,31.19765030137472,8.162736802928807,6633.523695692482,4.015093774898537,0,0,1
43,73.29709488599457,1.025,1,2,1.9816692925885868,80.29527720766892,12.364103830800303,6348.211713548263,4.583806124448181,0,0,0
32,103.872293575031,1.02,3,3,6.538807980202826,42.617061937834464,11.371481050450344,10016.89144471569,5.89157755755078,0,0,0
79,147.51488390103114,1.005,0,2,1.8933271602403088,63.872015942686346,9.678735828174409,6872.231807502624,2.2229421060056085,1,1,1
26,92.20387973352432,1.005,2,4,1.1372471741709982,22.350541986739103,13.040049977395,12925.590544236262,4.295846070006519,1,1,0
76,144.0775676657409,1.02,4,0,3.77184519767868,72.04288289339857,15.713335923402823,9314.876768686016,5.452115117001139,1,1,1
55,176.69032507179975,1.015,2,4,5.437305796295464,91.48399975030736,16.989046997630766,10631.499284077432,3.92553084699371,0,0,0
64,80.32907873683602,1.01,3,5,3.78287618700156,100.54573706752127,13.077627687434244,12131.87846726849,2.3141087437662917,0,0,1
39,143.9862330047639,1.005,4,0,2.5756559896348143,106.2537448667323,11.047058743291702,6460.103882190682,4.242157409667083,1,0,1
84,118.81252412350284,1.01,2,5,4.686283879178306,128.7178707033198,9.252071002162015,5647.777588714007,3.3282955632952818,1,1,1
27,165.4956479815256,1.03,3,1,3.1025175155914995,48.0101779458449,9.570960893951115,17967.17234885128,2.619767141351744,0,1,1
35,89.48647683921246,1.03,0,4,7.496507675949748,35.66263691700083,11.794549781497658,10373.302948134158,5.3961380531338925,1,1,1
33,146.18885474487809,1.02,3,4,7.4198385470267905,130.69983234673032,10.672777012807092,10005.591363753168,4.086398051964487,1,0,1
34,162.19268186129213,1.03,5,3,4.267788649790716,40.359665936044486,16.138145226249442,3605.406554638306,5.733105649516267,1,0,0
51,173.90756414214258,1.03,4,2,2.9591299551369388,146.71881057370538,10.682954676557095,11465.597143985686,5.224066018412277,1,0,1
82,145.15728311186103,1.015,1,0,6.028493104674793,129.52996982182282,10.734445911454356,12420.885267387002,4.771887175094669,0,1,1
70,124.689224040927,1.015,0,0,0.7753470761229998,85.1139587656479,10.83534512433977,12500.29480622933,2.020102013461248,1,0,0
44,137.96319642213354,1.015,2,3,4.060767545327384,147.5847852398633,15.36620210367658,15019.529878489036,3.711293826553,1,0,1
77,165.579548292659,1.03,4,3,3.0224254570275013,32.658974784040545,13.507883208469018,6017.191194847201,2.789945126608129,1,0,0
82,132.76707213027126,1.02,1,2,7.40401913826916,59.398548952763214,13.141688503188927,7287.79328192052,5.643191644195471,1,0,0
81,73.34257656665206,1.025,3,5,0.5900227045451191,102.96917395527947,10.34143022383862,16782.417908917014,2.698335938705441,0,1,0
41,172.40435650576757,1.025,1,2,4.646111567887618,65.50089290151324,15.179041768324394,19101.900486337698,3.144240206637142,1,1,1
77,145.84794261347173,1.01,4,4,6.054976857999695,140.68843175750294,7.383638613557011,5310.8567052444505,4.067347070937997,1,0,1
77,144.4164724354971,1.025,4,5,4.137634906430309,28.53139146311629,15.707971723381132,11460.042426588709,3.053454475992317,1,0,0
68,93.72426676374889,1.025,5,1,1.1405227262204125,91.4235381679254,12.127498997939297,6640.9962965729765,2.8394587091164847,1,1,0
71,142.4774017255923,1.015,5,2,7.793460425209266,96.81261476136488,10.982502348634128,4021.2438620347016,4.39639730041101,1,1,1
61,113.32508462195744,1.015,1,3,4.385078235320735,104.85465609103912,11.971672807176857,8533.556748144303,2.3557180910200954,0,0,1
34,141.63562747456413,1.03,3,5,5.106396832392585,53.23660903313588,13.67415530533831,5442.689628131617,2.232671034883699,1,1,1
73,81.72523333387898,1.01,1,2,2.274573370306305,67.39363557758239,7.127654265178974,15068.862248382187,3.4889811807442856,1,1,1
79,142.36298350633396,1.005,4,0,4.126235638301028,129.6784688564471,15.715518564582478,12073.332032414555,4.882657818031449,0,0,1
27,179.9355098347733,1.01,4,1,3.718621189687414,45.34255996612077,11.467395253113928,5445.186006835285,4.219227033095792,1,1,1
72,75.30332427466116,1.01,2,4,1.061718815014878,127.49282013253706,10.429665197000782,3157.1070028937443,3.6915058738671154,0,1,0
79,177.4891602643449,1.02,5,0,1.296202651606004,93.14520497735651,8.382455656340571,16738.669833411615,4.263006256898329,1,1,0
24,114.75987567951576,1.03,2,0,6.781043897140809,119.08437645523068,11.39465374358442,5995.304904792209,3.4618059386130944,0,1,1
25,165.7828795370985,1.02,0,1,2.298649641549427,112.7689576142513,11.96322771284379,13305.682917753022,5.744585341728452,0,0,1
66,156.0624032464101,1.01,4,4,1.962187036239729,46.97649440003427,11.036466944934778,8727.672522304674,2.2196195636430973,1,1,1
74,132.37178870853347,1.01,2,3,4.286835884376044,93.94565573640348,13.786600938268972,12953.260951355604,4.693565916119341,0,1,0
59,151.22941301764592,1.01,1,5,6.265603485218847,132.80400986466202,11.20896528759226,8366.111658699509,5.565130659311002,1,0,1
71,166.63671174314828,1.025,5,4,0.9645988893424092,76.17511078425082,16.614175778465736,4477.972531768321,5.215538834941014,0,1,0
35,114.45543538161364,1.02,5,2,4.826059397286919,145.65680012903118,12.992775178235918,6790.150145481812,2.736164139285787,0,0,1
32,105.97364777195624,1.01,3,0,1.3940783213043002,78.78796301322335,15.07477935651909,6196.995630144285,3.183705395921153,1,0,0
49,143.43527241199433,1.015,1,2,0.7734578811921384,38.56213276682501,8.093559031094788,10276.328991473943,4.868191754828419,0,1,0
38,158.86305361353843,1.03,3,3,0.8955796412166304,70.62650841009753,10.972912929459056,14190.824318244677,2.337082236723062,1,1,0
36,153.85136482542774,1.03,2,2,6.75623081156331,143.72131283076982,10.368477014471528,7484.703274088079,5.247446799330336,0,1,1
82,157.7595013744498,1.015,0,4,1.3847936272104615,61.56371041418105,12.694823881365918,3205.188900110505,4.875627778419162,0,1,0
38,117.91416462942264,1.03,1,2,0.8386352330921896,132.85276078271818,15.611135200614257,11821.935192500869,4.91842659694137,1,1,0
77,159.96176377925238,1.025,1,3,3.7842491535718414,134.5625886186457,7.783382177620067,13297.911319102524,2.4009654810703656,1,0,1
74,83.22299609076693,1.025,1,3,6.829951039565186,65.52424816315494,7.725747980447108,19368.798398030765,4.871042179264924,0,1,1
81,129.89380077569345,1.005,3,3,2.4680628236697646,30.823495546582176,15.50317708157599,13021.003652585196,4.71927250087988,1,0,0
42,70.63345265479337,1.005,2,4,3.662844631444373,114.19252819064636,9.128500860383577,11009.93350942841,5.323689963287402,1,1,1
28,105.70444128902972,1.005,1,3,0.7994189942281342,60.496598871818186,13.687532544498136,12747.827640260964,2.166383825025878,0,0,0
31,110.31076883585376,1.03,1,0,3.868088856011569,121.7800698534844,12.428781323608051,18774.310707654466,2.092442673871169,0,1,1
20,113.57899607701808,1.025,5,3,4.832098104778503,77.5451302738563,15.328935948872294,17082.428475227985,3.492028399514243,1,1,1
77,146.50139273588485,1.025,0,2,4.781802903141086,83.0846765045408,8.250889098364036,8490.638467184737,2.5951531353966115,0,1,1
20,112.74139113973804,1.025,5,5,2.993200191307739,121.12822287730978,8.297829657226114,7033.324182171333,4.233537910280887,1,1,1
53,119.35629848847836,1.015,5,2,2.8664988549735164,69.70723303801162,12.568183602783076,7464.771410223252,5.669395606026995,1,1,1
67,96.12985439617604,1.025,0,5,1.299677142024484,77.60655489197889,16.463786533583708,11575.157675158622,3.565918921336063,1,0,0
20,111.0576970792274,1.015,2,2,3.250987404847013,68.90476094005088,11.149977583707544,15648.840670885822,5.3798015090904165,1,1,1
35,94.99965899894666,1.005,5,4,1.246210016547235,67.75426698604639,10.269421002546949,11554.726522110355,2.000963498071466,1,1,0
80,78.0515516145288,1.005,2,2,6.249469585340387,88.37305499718973,13.066893231978858,4152.5387290779145,2.674058573836737,1,1,1
83,136.37934527195156,1.03,5,4,7.747057233111394,125.1439277851496,16.30448600545031,15300.871907479675,2.1216941586163425,0,0,1
82,143.5034078410518,1.005,4,4,7.775558425000302,67.02988054993357,15.369278328446237,16701.492187406213,3.3125887220602745,1,1,1
41,138.1439380610576,1.03,0,3,6.988033245315454,88.15311366990576,16.9548361073322,7921.463707035234,5.632758382786012,0,0,0
45,120.98434481806297,1.01,5,0,5.005941120047144,107.1945523075381,7.225685832023771,14290.137567816955,2.387808494395951,1,1,1
35,111.77643581971527,1.01,4,5,5.756492729329099,55.02712801947515,8.128581447127623,10252.062317924689,4.4256391069752015,0,0,1
70,164.9667014529008,1.02,3,3,2.639043520103105,56.07796463731104,13.09467763366622,18115.02904736653,3.8059837564777768,0,1,0
76,127.098996364984,1.03,4,3,5.230778151294655,141.34370651304914,15.205764393338498,17368.83448873258,5.753872849463249,0,1,1
48,122.7100065392704,1.02,1,4,3.9173716207990807,114.05949453304152,9.852443423067664,11932.34397126392,2.490076570148376,1,0,1
66,72.82062723870793,1.02,5,4,4.115130048326994,95.03426790903016,9.392110880342187,14755.594278831106,2.848111402008916,0,1,1
81,107.5372610388772,1.01,4,5,6.183324202813685,104.20360707467955,14.869757993812009,18016.944917375768,2.118167874445973,0,0,1
35,111.82151806644428,1.03,2,2,2.6143876669793875,23.80892760344439,7.563818538532316,11427.189171330683,3.735740998525495,1,1,1
67,113.87050589865903,1.01,3,2,2.8852970877088997,100.3533855230206,10.693826475825851,8325.262588309974,3.111331598258617,0,1,1
58,133.81896061500655,1.02,5,3,7.434813433464775,86.23615351914624,12.058092225923296,15812.32434446288,5.479623735561283,0,0,0
52,128.69628013995663,1.03,1,1,0.9216822113822918,90.94745837132665,12.603486743503234,6741.12633133976,4.41976325279102,1,1,0
42,136.8695602072789,1.02,4,1,4.142257238100052,66.72509748800621,14.286151567927767,9605.029516102715,4.456362951902807,0,0,0
29,154.1371587696341,1.025,3,2,7.346006003058963,30.591606702682448,10.548457234306582,17717.36303081549,4.127642787525209,0,0,0
53,159.42843125877027,1.03,5,1,5.077722558636178,45.13410036956678,13.126843446746072,15315.179784578357,2.367401348916804,1,1,1
71,148.9935383849144,1.03,3,2,4.598053056590991,143.5968127176473,12.853754227909564,9864.787089207486,3.780074734901421,0,1,1
29,175.10760655504282,1.02,1,4,2.3730813442201644,73.13094309522141,12.47616100653747,6650.656540942076,5.998020758834066,0,1,0
38,72.00558409439978,1.025,4,3,3.0745661679833622,80.66881025801234,13.404832931422122,9051.46264414802,5.340917163384059,0,0,0
77,91.53557842519008,1.015,3,0,6.890363118535197,26.852272680947067,9.594491710680764,7829.770536866361,5.573836216668464,0,0,1
20,70.83191624759563,1.01,3,3,4.694135988263436,24.88360984071748,7.84648753584629,5993.5178950455165,5.292905436985998,1,1,1
23,141.22221855700633,1.02,0,2,4.360566453175849,113.2335881160785,8.192716720397435,15636.659530616163,2.4121667737239307,1,0,1
35,168.78336038449856,1.03,3,2,1.2468478515502168,89.95230633574447,9.245823826539011,7285.188076452916,2.9097930162591985,1,0,0
43,96.78305262339292,1.01,0,3,0.6202111734134235,86.13177794811466,12.001979355227853,10720.846992851984,2.0124866054256385,1,0,0
21,171.97379992759377,1.01,4,5,7.727638915152868,51.60618895494693,15.404427505460202,9559.610596213854,3.214040499512446,0,0,0
51,76.62941293185169,1.01,5,2,3.3273962546513123,116.81759511188989,14.01293342088384,19695.31543680573,2.4344296093859703,1,1,1
43,172.78796294860658,1.015,5,1,5.024097965746282,41.87075528410394,14.890406042020471,9648.56815051975,3.891173381206332,1,1,1
31,108.6784955963598,1.005,4,1,1.0978630489046377,44.69151667593261,10.509756239260913,4359.702207544831,4.708509954295607,0,1,0
69,81.15629112941382,1.02,4,2,5.623357142922849,79.89258227527581,11.046537416485505,4527.037793725429,5.498021180152309,0,0,0
54,123.44589351049582,1.005,2,2,7.494250315294707,57.21638207455232,10.93681885990613,13042.8132630021,4.996868660363592,0,0,0
52,98.24542244925588,1.005,4,5,4.817489397480648,52.170187560309024,8.918731844045015,13189.180379550517,5.754342383114021,1,0,1
52,101.33601921581152,1.005,3,1,1.4458649178155794,103.88089379193312,7.61216658143572,10118.902838205137,2.215593161575155,0,0,0
80,103.80189614189152,1.01,5,2,4.862911456051076,104.62632687841078,12.909160928272268,10341.342769304503,2.0487193416661658,0,1,1
70,158.33284876159297,1.025,1,2,6.247604098284893,127.1872190739908,16.89216683420586,3916.8539082948105,4.645352455344851,0,0,1
62,129.307740434278,1.01,5,5,3.54812402430514,74.30211370648686,8.668297049502629,11781.290676617458,3.157409640888985,1,0,1
31,104.2438469071604,1.01,0,5,7.098783109561009,29.50106183339953,7.4668481989927376,11580.571081465978,3.0140040644230925,1,1,1
84,137.136716164201,1.03,5,3,5.365122150180234,55.5766300397895,14.795316818239328,5542.338415468057,3.323548350775177,1,1,1
52,148.77657416455128,1.03,2,5,7.244366887169018,147.4007102155862,9.525860066847242,4765.269563885769,3.0791842315694566,1,1,1
59,99.98864008068873,1.005,4,0,5.176289834355029,97.51361478025127,15.296438053529284,5100.732340191338,4.045745625206349,1,0,0
62,115.49040116778866,1.01,4,1,1.4846597900361818,112.26582102413263,14.039366670345151,4717.480190351394,3.76059378889653,1,0,0
63,83.40747026706423,1.005,5,3,2.8226878332889185,20.95651785130389,16.456735370508046,13365.039324124917,4.049714205506625,1,0,0
48,89.92642844881483,1.03,1,0,2.0134621118934266,87.36674518372772,11.08927235756672,6340.205090849617,4.690854446001745,0,0,0
32,144.9229639361481,1.025,1,2,7.316198732876467,24.87872547913441,13.619698394506342,7274.312587186879,3.5485220358845933,0,0,0
31,89.95821824651897,1.02,2,2,6.20300050465612,93.99992757188824,11.648547808132708,5950.726450574475,3.005230748568627,0,0,0
65,127.76797220337662,1.005,0,3,5.572987766825046,139.70021045268982,13.305886973085435,19283.20017562455,2.664802147234982,1,1,1
21,147.99508878946762,1.025,5,5,2.7572473972371627,145.89448696505303,11.495989060077374,17528.4968735812,3.397896478130502,1,0,1
54,81.75646154042182,1.02,4,2,1.8803357903766011,90.27184780056014,8.886322464240749,6918.412234975855,4.967225900984689,0,1,1
27,132.4043441591794,1.015,5,4,6.173383159916838,79.56662468278807,12.078974160033807,8568.626996676143,5.026819640445878,0,1,0
45,98.22190620715,1.005,2,3,4.056184594093097,142.85222225230422,12.285842014374424,6568.178319184952,4.667621546736841,1,1,1
53,175.92195627613378,1.005,3,0,2.1934216411297185,107.56927815957036,15.10603848260161,11361.891310834004,2.9361127012274983,1,0,1
26,123.19002113919171,1.015,3,3,5.124664836239563,28.43690633999323,14.35520705793581,3333.379052062311,4.35234498341879,1,0,0
77,158.6591804752674,1.015,2,1,0.8025038910383898,80.54432509677468,13.63791623941444,14413.256151245529,4.282758646307392,1,1,0
48,130.5249196371888,1.005,4,5,2.946276905961901,51.23185240035951,8.133870955525726,11893.688546899908,3.937064792438902,1,0,1
55,74.7753786140301,1.015,2,5,4.01417745943351,81.0745617883286,14.20616290663715,18276.86178111876,4.199915945535457,1,0,0
40,139.64665131534247,1.01,4,3,1.6096875058205438,79.21052436082702,12.003051563545148,5794.6756335830405,3.967162530494672,1,1,1
55,174.65436764273227,1.02,1,2,7.884908581931297,95.67882436591646,15.940995361061592,16669.85718303924,4.261825464296432,1,0,0
29,136.17730021609643,1.02,2,2,2.068230234422107,66.38016374540265,16.198709341305428,16463.33724593417,4.862023818484515,0,0,0
43,160.1107745369469,1.02,4,4,1.4776484753244916,41.355158429270645,7.551565906017855,5162.080216687078,2.438512777613759,1,0,0
83,167.26271096832485,1.01,2,4,2.026511554151723,85.48352649669431,15.206415603544787,9775.50681045017,4.998503008596095,1,0,0
68,95.08877491438255,1.015,2,5,6.267958498697932,127.92637496494906,7.376973904226706,5892.594899456787,2.543544600510377,1,1,1
55,93.32493238990492,1.025,4,4,3.691292444538821,106.3215896487883,10.671696256950227,7330.248507778331,2.266511993641499,0,1,1
43,137.2079087736091,1.015,4,0,4.740619548144035,63.987822570278055,12.42299975621079,7475.184972119254,5.90431874488587,0,0,0
42,115.21313167873753,1.005,0,4,0.6575686773977056,141.61799295865143,8.481007986271274,12456.018698438136,5.827967075481766,1,0,1
81,162.38474331533922,1.03,2,0,0.7582348142998592,138.58698426239368,14.463138125690769,9993.985839927916,2.241746179762256,0,0,0
56,169.00254357378122,1.02,3,4,3.843691623702621,47.21529191993284,7.083547041721386,19111.457668107192,3.7730137658998486,0,1,1
31,108.876351723299,1.015,2,5,6.624914324012177,25.124286065647187,8.685990484340369,5148.292413099087,2.744979753199099,0,0,1
74,96.05576148719302,1.025,2,5,7.13929159030674,116.3701320855991,12.807968298534757,19552.76629245338,3.941379588537672,1,0,1
32,155.8578066768248,1.005,4,0,1.1502992569673016,127.58933397538992,14.143875620372924,6920.856883642487,5.32070897199835,1,1,0
42,100.22866391029496,1.01,2,3,4.537723265757671,145.82239357367618,16.16643102693916,16138.856918491503,5.802447098971561,1,0,1
49,160.4875750365046,1.01,5,5,7.349222647094528,135.6787312314804,14.054966519346236,8762.488744937964,4.5370106138061495,1,1,1
36,116.61120790136393,1.025,2,3,3.409795657984148,98.06951986683391,13.71779270254866,5432.383722094337,3.415622668847268,1,0,0
81,143.43048892206176,1.005,5,2,6.7217437357127645,88.90680409760951,10.943411463506642,17584.116149186077,4.4133022625783935,1,1,1
32,80.5088845218135,1.02,3,0,1.5027174079957717,23.619336664136217,7.012844255268014,8250.635287019875,3.2480052244338014,1,0,1
78,138.62452571442304,1.015,4,5,7.51545867250849,52.06533808982112,8.20159258735622,14200.541871856318,5.639294563328241,0,0,1
38,119.6944446610952,1.005,2,1,6.1356748814847695,79.74991772528043,12.345545447560392,12629.542646472652,5.481601852423347,1,1,1
68,134.52693094930214,1.01,5,2,7.560007945901763,101.7055070108638,13.751298858444198,11019.857259644865,4.232927001118644,1,1,1
31,88.48156285193497,1.025,5,3,5.574629251643799,92.4427383313934,11.174482838964623,11428.931035025164,3.299195661521442,1,1,1
80,151.05611194386003,1.025,5,5,3.2255294899957025,116.54267865861976,14.306790115283905,15448.044539568888,3.1735587023319134,1,1,1
38,164.90767852975517,1.015,1,0,7.536358793935419,56.369701015315314,12.218622953321788,4492.139540098489,2.133671978820238,1,1,1
28,93.84137800998532,1.025,0,4,2.5667508223188387,93.44383899482152,7.741761955943122,14359.071253284388,5.2632834041011805,1,0,1
47,80.5286011072178,1.025,3,1,2.991293915462994,31.458491640802976,8.92016250967949,18228.80572377584,3.801532852156032,1,1,1
71,72.600244465097,1.005,2,3,5.7560631350130524,73.7765180658169,15.399982232439427,3982.39934933769,3.3005317136010577,1,1,1
35,140.61686504875928,1.02,1,2,6.239872246440397,117.52090828409813,14.249127466244396,5391.106766972334,3.884441419991016,0,1,1
31,136.78034396976588,1.015,2,0,7.470526128868654,110.14211094577573,15.94761987012495,15182.742923934537,5.2749519618186085,0,1,1
44,130.1367153985477,1.005,2,1,2.036018067921572,148.78355583238326,8.175572491209365,10433.7880201585,2.4984568308300847,1,0,1
71,95.5141805727573,1.02,4,0,6.484985264144179,56.12584637840828,16.90222534615074,9860.326553832703,5.430623952967309,1,0,0
72,112.9996595496066,1.005,4,5,6.039095400477226,84.76460889261729,9.094067139499336,5328.43278725201,5.590035340433416,0,0,1
42,135.39239687047905,1.03,4,4,0.978459171901984,62.83895379061958,7.11779876286642,11615.090692202397,5.786831660135553,1,0,0
35,124.64435447450865,1.005,1,2,3.4041735590765523,77.27840482769273,16.97422939053554,5151.270290338412,3.589951969690511,1,0,0
76,178.6564072236376,1.025,2,0,2.6207409279507394,131.40351688302047,9.810738854451133,11102.547757279186,2.8685616161506875,0,1,1
58,85.00837278124064,1.02,0,3,2.783678182655228,108.94717977450324,13.6801945251256,15981.460082348163,3.494563273866794,1,0,1
72,146.46590094523532,1.015,3,5,7.872101596660256,134.7173548751856,8.766823141763052,7390.49408408178,3.331648384925613,1,0,1
61,114.47506449147212,1.015,4,5,5.320830601099459,46.45644408314524,12.802285321991416,11173.364859055364,2.70461565001144,1,1,1
77,117.10195764181762,1.02,4,2,5.882571183451247,133.53694531938694,16.040349864545593,19864.271479746207,4.429066680405952,0,1,1
58,148.9357542223994,1.025,2,5,7.824632279862569,27.76909564318997,10.201811674284386,14673.057197018634,3.906496642034516,0,0,0
33,146.16797664568065,1.01,2,3,3.3290133684322902,135.51790645682982,13.702539760443592,17303.06511218838,5.462803969296015,1,0,1
24,179.03815930724073,1.005,1,0,6.5138012633960445,62.77959132989463,8.879035887984164,10052.409311529278,2.128438321928233,0,1,1
54,84.12337183995378,1.025,1,2,3.7589822247837152,60.89639234382864,13.247953987187252,16053.63569313954,4.575471710220505,0,0,0
37,81.45206143225829,1.03,4,5,7.021502538612348,86.57151497082631,10.364503518175102,3688.655940002471,5.051795514046244,0,1,0
28,149.67726988416155,1.02,2,5,1.8549315598347735,142.28972440402015,9.112082585879516,5089.490103218164,5.037946276753228,1,1,1
77,133.622560870705,1.005,0,3,7.607646327982097,26.2115774085827,10.131820507036352,6452.200079641056,5.5442958683821,0,0,0
36,100.15767332157864,1.015,3,4,2.1407878130815976,65.79002675919689,8.788410685077993,9833.182718458733,4.916134971317977,0,0,1
26,78.73613058878853,1.01,2,4,2.9466538023569866,131.35435852883364,16.01916107837883,17377.662931537976,5.711240246590785,0,0,1
65,79.42240745560736,1.03,2,5,6.171441755800854,71.48708206661067,10.971868863171288,8886.522863394817,3.330626399283566,1,1,1
32,168.360996213053,1.015,5,0,3.45316356174055,45.89039668761871,9.452793049743674,14128.560289762869,4.012837667006172,0,1,1
59,91.10540571906172,1.02,1,2,5.06158532574835,75.22324357308352,11.484078410159327,15058.343011659215,2.0563186531315627,0,0,0
61,105.57087183270728,1.005,3,5,3.8343012580207136,70.121825193917,10.205361668064956,12965.100019501804,2.027830349213165,1,0,0
28,94.93220424496867,1.02,4,1,6.067774528173364,139.00410619067145,14.44419253813326,9073.113458892316,2.96050648180608,0,0,1
69,109.0495936415131,1.005,2,2,2.2124843927645816,119.05146884660262,16.712199118854944,12809.906809130252,2.403228788556341,0,1,1
46,77.63662270207027,1.025,4,4,0.9384349042765776,85.66502224672082,11.380336566976467,8818.515077425685,3.0408454717430144,0,1,0
24,127.09657699990974,1.01,2,5,2.7494704810479966,148.48817367380423,15.610333999722403,4425.853555384205,2.7081731781135896,1,1,1
48,77.43738199514364,1.025,4,3,4.0573149865132265,80.48607906587003,12.658630735596194,19877.66762916225,2.114080099354593,1,0,0
56,158.03921586045976,1.025,3,1,1.7601503914450891,27.57091800663578,8.572356650942336,5162.101711752685,5.637216585624198,0,1,1
57,95.70832901014764,1.02,1,5,3.160979672422915,54.09566183594804,13.906227420813416,4229.922525212975,2.032892525555566,0,1,0
27,129.40131060649617,1.01,3,0,3.499872637201764,76.68916242851064,12.1343449712582,17935.02273652165,4.944328577348342,0,0,0
84,166.80869963176042,1.005,5,1,0.9304388276620515,40.397341138995614,13.506065232521037,8131.189235179217,2.608591547678066,0,1,0
36,141.59651059519138,1.005,0,5,4.874804361381534,143.1834664221256,15.89687412571665,14055.04855924963,5.6489184879984,0,0,1
64,128.62535652064687,1.03,1,0,7.132575709784656,119.6903567163105,11.40434570656046,8593.097404257958,5.571183758359544,0,1,1
23,105.67671284269132,1.015,3,1,1.6380718471478932,54.87733605561044,16.011776232173556,9654.722603506008,4.61560458547703,1,0,0
55,106.63021043640175,1.03,5,0,4.983560100511356,96.80458935732906,14.506690142816549,7455.92052428554,4.688936599202421,0,0,0
50,143.6435650718009,1.03,0,0,5.485544036831347,113.78839042424435,11.886049258779847,8831.748098481174,2.021356567878754,0,1,1
38,179.35532973432842,1.005,5,1,3.645010103144663,142.36626075788374,13.032221356579637,9981.906809971231,5.939486264454408,0,0,1
80,142.80231088343163,1.02,2,1,5.758231905232025,134.61259539280337,10.255811325190114,15247.073174569829,5.5113304143032575,1,1,1
73,131.35617591070277,1.025,2,0,3.58048657618259,86.97498939796778,16.835972997387742,11696.11530199146,5.5804249029203685,0,0,0
58,150.37155612631707,1.025,4,4,4.284779659830762,120.70484057309228,13.67351163050396,19040.608691668607,4.636978148203488,1,0,1
38,121.172617351209,1.025,1,1,0.5551478341582023,93.07881799758604,7.438468524966299,3711.966695259184,3.379147714618146,0,0,0
58,76.61565768608638,1.01,2,5,5.687900856010166,91.85150570592022,10.266219057480088,11552.161484744478,5.574594596361923,0,1,0
64,131.85264974657008,1.005,5,2,5.4600700920854335,34.91645458396495,13.233144337590575,12931.821410139208,3.1660677126047694,0,0,0
32,175.33878129559184,1.02,1,3,0.7880065799475842,36.39789554209977,7.5633327779923984,18643.348763262657,4.250846173368812,0,0,0
77,89.28332365934256,1.01,2,0,3.261875805463498,88.83936995291947,7.238841913191427,3835.694901564269,2.3989238893755296,0,1,1
39,145.90053799027322,1.015,4,0,7.842738805937506,54.95200084727086,11.500242395278024,12749.492943898673,5.687822520531,0,0,0
80,92.1027057524962,1.02,3,3,3.655524219264626,22.734797319860924,10.3269017969267,17511.70878497527,2.5630818310848533,1,0,0
58,128.94104529203895,1.03,4,4,4.264590538488813,113.9690965070276,11.382986080331658,7112.7713780270215,2.899587222921629,0,0,1
20,80.63440946113916,1.02,0,3,7.324476186197889,24.223257569721444,9.626933098800052,17896.969924906938,4.23253663251286,0,0,1
22,119.54080298840036,1.02,2,1,5.879464068993173,97.38598934352709,8.64717746942981,3323.737957662961,5.056372000851926,0,1,1
81,153.17796617847705,1.025,0,3,4.865525983431676,90.09519323655088,13.891433569803375,15451.728695273405,4.477405223745196,1,0,0
82,108.23286766628804,1.02,0,0,6.483535110058044,145.94590977511456,12.145711162678005,18862.9247598671,2.9285356512006246,0,0,1
44,143.140289693594,1.03,5,3,6.982746998419799,82.94770811519342,9.001542112493668,14172.360247881055,2.0037721701099613,1,1,1
75,157.4994956868702,1.03,1,2,3.926660538029501,28.26818672911366,10.195894262599984,10463.497147667616,5.028602321229757,0,0,0
52,171.98956014273978,1.005,5,5,4.063312736988765,91.71943581484,12.918079076633258,3762.977280036207,5.9408293036443744,0,0,0
57,95.8106290040999,1.02,2,1,3.3953820173887683,129.3425021800932,7.722293482724778,18641.93482648469,5.239652481224361,1,1,1
25,113.92475073902388,1.025,0,3,7.750296050138454,149.5904069565872,8.474530092661796,10995.035785756772,3.840826472626461,1,1,1
77,86.76576146634592,1.02,3,0,5.728746907177628,75.94461257957943,7.732456041073901,3492.944653711116,5.615069045596426,0,1,1
63,179.17318523742128,1.015,0,5,1.1241729965605425,61.638836524576526,15.123173327141188,14726.958212588952,3.6393906924734,1,1,0
64,171.97010647167247,1.015,3,1,6.972197174847638,137.86492860375986,14.524092332120093,11191.23331079639,4.09973633697387,1,0,1
51,129.39528433086156,1.025,5,0,4.104199556272011,44.86147677989578,14.533129318792572,5113.870396520983,3.908519069582733,0,1,0
64,162.62366238140635,1.005,5,4,1.015654298168656,100.00575895428048,14.16325343476028,6642.620758274413,3.7904954906621,0,0,0
80,127.30537749992465,1.005,1,2,4.622879413724833,72.74287514352321,13.69385423669869,4096.341567749387,5.100763077175623,0,1,0
66,138.59442568030357,1.03,0,4,3.6287320923177657,25.340707444222183,11.76991915378175,12762.99017504575,4.107075629077968,1,0,0
40,79.80368753276183,1.03,4,2,7.083120536469687,65.14750165974071,13.42278163507115,13574.501147284158,3.2668684881008643,0,1,0
55,153.07974625464885,1.01,5,3,2.0299595270704054,54.4797079253477,7.383615547879747,11597.619072042557,3.0326326706339133,0,1,1
38,84.04848319987583,1.025,5,1,6.698484571191372,109.19185001265328,13.214644226567843,16890.736261044454,2.150989267869733,1,0,1
39,160.86743932777813,1.02,1,3,4.682665183890896,143.34276469994936,14.77877705536877,17637.14996223623,4.332780647532184,1,1,1
76,156.02308964374245,1.025,3,2,0.909577274101018,54.84613435922291,12.003583603843902,13465.614743613152,2.919845661604137,0,1,0
37,147.9619167517274,1.01,1,2,7.788839759941135,125.49057208971864,10.575133284272368,3216.8601550263197,2.5925356880655324,1,1,1
66,73.97764185772384,1.03,0,2,4.344614330773999,27.19677620199324,9.774267348009792,14818.904147711506,4.615319855310711,1,0,1
68,103.34411915398616,1.025,2,5,2.681576406736869,89.95573130517572,13.428020501620823,10105.986687645976,4.724837031286196,1,1,1
33,98.94238269019272,1.025,2,0,4.020551314919436,29.171508282286297,13.928011986299088,12614.47721484858,5.008619569030664,0,1,0
34,109.6150048218671,1.03,3,1,6.933933376381168,141.42428884698313,15.709675998625425,14034.370234321035,4.014307585354366,0,0,1
50,79.64070214402224,1.01,5,3,2.7867734328879763,119.62566647246072,10.423340824609909,8954.022443560305,5.576218420815547,0,0,1
20,173.0653605334169,1.03,3,3,1.9450729736502523,105.533488456597,14.697723073855856,18590.674587920505,5.745371013592911,1,1,1
73,130.9182464783614,1.005,5,4,1.4680343519816108,127.10652961120635,12.61355824189338,5277.572734746281,5.229483759169957,0,0,0
22,103.6076741723826,1.02,5,2,2.7339454879265843,104.1775734241212,15.828364906780791,14415.700723777636,4.542373928032749,0,0,1
35,113.66796687817116,1.03,2,2,6.350360652800326,145.96277163265785,12.278121082956208,3074.1128592618675,3.2148838143647547,1,0,1
76,119.19227945553192,1.01,3,2,4.037197738964463,112.8145332224203,12.176298283979673,18719.068791888072,5.931779686480885,1,1,1
31,136.0653766696679,1.015,1,3,2.2061120277015496,140.20561924569208,12.778770814409093,4912.570265047556,3.0965446687677534,0,1,1
35,126.72473704661476,1.005,5,4,1.746387497073119,87.22714596138294,14.493153551424344,4613.031912508769,2.810627687961724,1,0,0
43,171.13311705358592,1.015,4,0,2.995471073827843,35.21837368764214,16.64690478828461,8661.12976188815,3.768616455146331,0,1,0
47,124.66598311964133,1.03,4,5,7.549432796642816,88.66310378499223,7.735633542157656,9350.62686266437,2.227362282849554,0,0,1
27,179.1373816305644,1.005,1,1,3.072700344425183,36.49346764820213,7.534346023910172,6643.101229488937,5.913977858687163,0,1,1
55,163.65674535196052,1.02,4,0,7.910930569659765,97.02415229293264,16.375503374073386,12947.06823576112,4.353734225665699,1,0,0
27,92.93615657930694,1.03,0,3,4.139228418240172,82.72409786859617,12.29875625518206,10529.53966671338,4.227808366656701,1,1,1
77,172.3654736108308,1.02,5,5,1.843729387176132,100.93480171826162,13.14903014566936,3580.985013698486,4.62318511959888,0,0,1
79,82.80030376740237,1.025,1,5,7.18355068845132,21.306107537128103,11.824236015947289,8434.085058340112,3.9880945911088266,0,1,0
69,159.91946793403108,1.015,3,5,3.9526652985112016,45.32926391519733,7.936574526074745,16777.3595307439,2.1282540683781663,0,1,1
47,111.8685622824238,1.005,5,2,5.822535076283933,83.87295614857702,14.680893784186663,14724.926092651764,4.449245155361587,0,0,0
60,166.57717524895764,1.02,1,1,7.877836874068638,143.56546300658755,14.47224645088587,15322.804510857968,4.864695507825722,1,1,1
83,165.4862359118195,1.01,2,3,0.876315127399805,69.86917524617058,10.11703321492812,14867.9877094199,3.6669962424962126,0,1,0
46,158.65179401293832,1.02,3,3,1.2252091984067537,75.16836338697252,10.062392452284003,8286.541363511566,5.029182288284772,0,1,0
82,156.90334799377675,1.01,2,5,5.903425560970671,112.91049157086088,15.378413809055186,4694.286675305189,2.9080051973536825,1,1,1
36,103.51470530078448,1.03,5,3,2.61368752471604,98.49305844719534,7.723572577413266,7631.942128562632,2.885106364264736,0,1,1
52,78.90112113563774,1.005,3,1,1.882260477125743,58.86039951278332,15.811051483565658,17140.350103147706,2.645667950750296,0,1,0
48,114.32781966416776,1.02,4,1,0.7952140986479712,73.4061314237656,9.566616898959143,19668.00356231221,3.4879790391566474,0,1,0
32,89.08769664851596,1.02,1,4,0.6638503398965135,48.30097385144022,12.92984747755494,11395.399250606542,5.388048141556334,0,1,0
65,146.4446197792708,1.005,5,4,6.308642023398432,145.58278968692713,16.35994179001778,3164.9060336917178,5.311648248596257,0,0,1
54,108.0709699191564,1.02,0,0,1.508250705271625,36.98246960245677,13.781225015366465,5380.761806281894,3.531296831854015,1,1,1
25,177.31712209459064,1.01,3,1,4.007904619783631,68.33878199363453,11.144298124670366,8475.369780376517,4.356474943920946,1,0,0
66,140.50692850798652,1.02,3,1,5.044226113846123,23.359066388601452,13.895342089054152,12835.950926080146,4.883265265899663,1,1,1
44,160.4728619997797,1.015,5,1,3.712638504266347,48.83133395136103,10.4397963631637,4276.591978690338,2.964827098512092,1,0,0
29,84.57771400160333,1.03,5,4,0.7032998925217483,121.46124798942014,9.77258416349186,19037.074078067988,2.6725643435789883,0,1,1
75,164.82159304998848,1.025,2,5,6.376261269409317,46.15278019755433,16.966832779346795,9206.422445834813,5.888383972849244,1,0,0
49,171.5032909564734,1.01,4,5,0.5788491840624012,30.408242328765528,14.507902311797878,18513.931704721992,4.4702292528384735,1,0,0
24,123.57681107008295,1.015,2,3,6.21417420783113,81.67891337978803,13.447199773818175,16268.87064686937,5.925662887334656,1,1,1
52,136.6878231526075,1.03,2,5,7.199783703410921,21.296000515487403,10.552896432193188,15842.43363276488,3.3510239485289164,1,0,0
84,154.1290780993295,1.005,4,2,3.746299407928792,31.019600075423316,7.491608291550482,13314.232856297944,4.812126799896526,1,1,1
37,89.23224899864539,1.01,0,4,4.516568548233487,124.99136304318677,7.310568760351556,13655.324889881358,2.890414546164951,1,1,1
68,125.28226841097867,1.025,2,1,4.077375444632404,120.29153483174883,12.541812554487988,13846.054998676218,3.044800685095652,1,0,1
30,113.85293305495443,1.03,2,5,3.419064639675791,138.96804665263647,14.62032721039051,13688.263579434895,4.047608485078496,1,1,1
45,86.1011391378474,1.025,3,4,7.155684015277702,131.08700666839744,12.373791904438551,12413.37993377214,3.278472502032285,0,0,1
82,110.42878645206846,1.005,4,5,7.204501330024929,108.81282322117636,15.407850719391146,19769.038314209112,2.670486255362338,1,0,1
78,77.4989540324043,1.005,1,0,3.018622734811509,26.803271449086168,7.334265330932216,15448.939646236831,3.051522807957304,0,1,1
46,72.83930976444357,1.01,0,1,5.113023155110235,121.77032033826548,10.6675207642594,16208.08860267286,2.1429935778634586,1,1,1
68,84.8682918070305,1.02,0,0,7.451806716093981,129.91640540927284,9.37070391174178,17831.86785642246,4.817694485909946,1,1,1
52,175.94266227480912,1.005,4,1,7.715438742060137,123.88067895035408,11.47272968157122,6665.875966339436,3.9684666283434464,1,1,1
20,130.44824894845186,1.03,5,4,4.317192803165357,86.1022745900434,7.723763931941225,4424.670704616034,2.3769722656181025,0,1,1
40,176.2404377268542,1.02,5,3,3.896186039632451,50.27723902443262,16.541316415710725,11209.205422176175,2.686775972513965,0,0,0
74,117.57476661631452,1.015,3,5,2.590207369463944,129.89289683953447,9.232554010693608,11739.371825527644,2.410138152450576,1,0,1
25,104.29977463937855,1.025,3,5,7.691539048928075,114.531165266218,16.22307775483585,17096.0902591486,4.450371233103506,0,1,1
24,125.67560491242683,1.02,4,2,1.5711072835465052,147.4989526705507,11.258931550366816,10544.320847799709,2.376841454449975,1,1,1
22,118.34628574962012,1.025,3,0,4.848721820357937,40.24003770827128,16.855241332552183,12704.501434253316,5.017129332140865,0,1,0
72,81.62311526879184,1.02,0,5,2.619127006389792,49.33639579676716,12.540583834602106,11960.205954728792,2.0820436772815647,0,0,0
42,140.49089461592268,1.015,0,4,2.592562177608474,47.53375948459535,16.308328641758074,3649.447323875648,2.9975031519835684,0,0,0
72,93.76420007605596,1.005,1,3,3.5372644053214133,123.03016979077375,7.053489886942229,13458.653242147537,5.562666703567629,1,0,1
56,138.15467503876124,1.015,5,4,7.990947018617409,44.29794853851536,14.482388061809,17076.73585816229,4.874125272488984,0,1,0
36,141.52212016379687,1.005,4,0,0.9122473012986656,28.665777877029797,16.030506531025154,5677.5093172886645,2.291873331702751,0,1,0
20,86.72273384415129,1.005,2,2,4.839063636526486,149.81290485613172,8.39720566978954,13103.639476752129,5.284504417940719,1,0,1
70,76.7484589821735,1.025,5,5,1.1192911852645788,23.22623748786939,7.961258517321514,13091.379255589043,3.972140486160819,0,1,0
64,155.88377446752838,1.03,2,4,1.6589062249288924,128.58172782065253,11.245726071859556,5791.144388958099,5.387132108675317,1,1,1
23,120.57804661462522,1.015,1,1,3.79672206329674,67.49768940158486,16.336789061329352,5098.8807534225125,4.402959097801574,1,0,0
81,76.39801750560234,1.02,1,3,4.32845098509831,129.41000976851598,12.423865601904389,19660.88303060024,4.727332128131435,0,0,1
84,179.43529488867438,1.015,3,4,2.44094306273393,92.10066385744884,12.27456463721732,9693.225884101636,5.974006241582833,1,1,1
51,76.35586170960033,1.025,1,3,2.873428481558121,137.21205983322682,8.411261182993218,6866.169388299998,2.9293421836960727,0,0,1
53,146.45387517444084,1.005,1,5,1.152252651919498,140.40508823390147,7.007895110932187,5912.517255724374,4.495782299045553,0,1,1
58,178.2046817789755,1.025,2,1,2.774148378831879,21.18276356650088,15.101400907454613,14349.229130914997,3.8412855602295934,1,0,0
45,96.3098114637518,1.01,3,2,7.749188295354081,29.803582879062475,7.875745629862382,13360.57005456374,2.1578078116907657,0,0,1
53,85.64743055559158,1.01,1,2,7.585305362543613,52.54663484421121,13.33849818735324,13940.386090786098,2.05788256601146,0,1,0
73,83.35234333646719,1.02,5,1,3.011587176027388,107.01100412725522,16.146164545151915,4496.102467694688,2.4769143112714347,1,1,1
22,103.36026623243552,1.025,1,3,4.781404522090712,135.47538554649577,9.08651913158431,18190.08791947343,4.5963669621541925,1,0,1
69,81.11503921117114,1.02,3,5,7.321965433332083,79.79245366821516,13.652728362369109,9617.528745753822,4.268652351653569,0,1,0
31,146.13774758635452,1.02,4,4,0.546378669806725,98.90650511565453,7.786985767075095,8327.279909316085,4.21371824465491,1,0,0
84,76.8520977943069,1.01,3,1,6.580126777531939,44.504980863422944,13.03755143837613,10860.144603211567,2.1274270501130403,1,1,1
73,126.03643409647688,1.02,2,0,7.612771645916893,124.6456884046191,8.639317209532027,9631.123117709682,3.877211985440028,1,0,1
24,179.63665392382745,1.01,4,3,1.184943007501678,145.75265447595106,14.35953560515178,17680.80905336548,5.698491271370115,1,0,0
76,159.53672964566206,1.005,5,2,1.7108576452469078,54.91786127889767,10.012312947939082,18797.43657836417,3.5903674772425864,0,0,0
36,137.6741382054112,1.025,0,1,7.705597270785166,84.32737370807102,11.633910088046465,8158.704679643306,4.499689879153825,0,1,0
66,103.68789828652729,1.02,3,2,4.5315510773025975,31.195094365828595,12.994305420276216,17686.90872681923,5.119274702492574,1,0,0
42,138.62854199208022,1.01,2,3,0.6064747585379278,92.68776534018588,8.712734106662396,16285.89320206214,5.13570111656755,0,0,0
33,127.97456103028168,1.015,5,2,2.432239990726469,85.36184744006847,14.416378186176209,18823.730429860952,4.077120329581085,1,0,0
70,116.86917222794088,1.02,4,1,3.874577557016447,38.77674294016009,10.026403406368146,7177.755307160093,5.431807781609345,1,0,0
57,84.37814144142195,1.03,5,3,5.696816832685758,77.46860770534975,13.623718599127535,12808.305552056643,3.565512373454988,0,1,0
83,167.52646367645133,1.005,3,0,5.998702836025997,63.43360477125322,8.582830506993737,7667.257940587559,5.554772859139193,0,1,1
57,119.47631137034548,1.005,1,1,7.965661346940921,87.83801378967462,13.881176592063502,17009.606338234364,2.960908665582181,0,0,0
69,91.40847630028416,1.015,3,4,2.656333995378193,96.1350636057439,8.281880728104618,3090.5112397080925,3.120865627962284,0,0,1
49,110.45352859650184,1.01,0,5,4.536650764013564,21.10442521893724,11.253564962699835,12601.925769068734,2.2124824967960044,1,1,1
70,115.55427277818195,1.02,3,1,4.499926608947037,118.9307777834422,9.472060737388768,8766.458331622605,5.182327346169132,1,0,1
82,161.0291685123562,1.01,4,3,3.542339445854281,112.6918579420263,14.483752494281823,8485.623020322944,3.6682209449308223,0,1,1
71,150.69758186175423,1.005,4,5,1.7687142038181514,67.61723020684789,9.620350045068744,13963.407505703588,2.916466455645596,1,0,1
57,154.62353830054738,1.01,3,1,7.830924223878819,26.88167162394637,15.817173063953962,17475.235638337897,2.9271611104663187,0,1,0
49,71.21343908715119,1.005,4,0,6.899878899999395,118.14123017205657,15.918202114066128,13356.321653686546,5.605599764916933,0,0,1
70,115.77693979977376,1.01,1,0,4.237497712206779,144.17277086215722,8.96441315222786,17503.94063699428,5.335666401844147,0,1,1
24,122.9478566798856,1.015,5,4,5.024340670130224,51.21970748286185,13.138459450077242,7498.150901977509,4.214123541428734,1,1,1
48,72.11115045053623,1.025,3,2,2.2044579016974675,62.05819978581493,7.877176417199643,11831.53153100468,4.464443201662885,1,1,1
23,98.57945296195376,1.015,1,5,4.578403027938101,43.89567563263594,10.915370996016293,10659.121164140292,3.897302282201164,0,0,0
29,153.63188054343485,1.015,5,3,5.7122759984110685,95.00169603482917,14.133217295012724,3197.963291552636,3.5666661715152355,0,1,0
75,85.0820676301899,1.025,5,3,4.363752712899416,40.12938130416914,13.594232468499165,12465.80643339258,5.661907524873326,0,1,0
36,128.88411445978508,1.025,1,2,7.927138779387059,66.30521264997932,13.24700669406608,14245.913510484974,2.5024508140812083,0,0,0
36,93.67220592189612,1.02,2,0,5.0850624218579465,110.61169181145418,9.825408636624436,13062.544875124191,3.673787158864912,1,0,1
53,71.33328521082827,1.02,3,0,3.282302844441268,92.81507779121527,10.78024949434402,15516.758279318165,3.3782476319515014,1,0,0
25,96.53216033594956,1.015,5,1,6.291140207118786,70.24013336263158,8.029461447002863,12712.77198370231,3.9926028810045935,0,0,1
72,177.34611304010593,1.015,5,4,1.7784688368623154,74.63244823498044,14.190228204336009,4134.754332462868,3.8305274981807,0,1,0
62,158.16908230712886,1.005,4,5,3.383868602796999,93.07441474101984,12.038887967912736,4979.573909440094,4.075558126604326,1,0,0
42,175.5534308753137,1.005,5,4,3.102192127831894,20.76241462533097,14.087656323456546,13140.067818247191,2.5596759089079764,0,0,0
74,123.66394483189988,1.02,1,4,3.7385532133083297,30.20628289896928,9.489435247968729,7674.646263551883,4.052566006053109,1,0,1
35,82.07098185452539,1.03,5,1,6.363348694465447,134.5635488091915,10.244382286350662,4353.967193591019,2.9696752555488435,1,0,1
27,130.27554378710622,1.03,2,4,4.131297741225556,30.1242685818678,10.342153372601146,10303.246638625296,2.737325395952765,0,0,0
23,119.9815068015957,1.02,3,2,6.455108376994721,111.88446750736568,7.257424097472162,12423.48416742214,2.259336875144765,1,0,1
23,162.87927910135775,1.005,3,1,4.823666773548994,139.60496133417683,10.410478728306234,8588.681801943312,5.050610235024564,1,0,1
75,80.78908388626691,1.005,5,2,3.065520759931665,55.18886855922504,15.033045735180336,15247.372937838223,3.70976768342624,1,1,1
44,123.7065250723956,1.03,0,1,6.574840577626043,68.16388681773685,15.972984957497385,13944.100337721158,4.506574733247033,1,1,1
46,86.50535311633827,1.01,0,4,2.2871725291481866,93.95978275981312,12.182183156359274,8657.912138558422,4.910373373218974,0,1,0
51,105.7143519579066,1.01,1,2,2.1828723484984662,134.62216605301603,11.555016952192204,15832.83299144553,4.717266661254215,1,1,1
69,151.10927851265797,1.005,0,2,4.283771930411268,142.44772634385464,7.308246186993703,14027.815723061603,3.882002876358729,1,1,1
80,122.36199423056432,1.01,1,2,2.456369344715667,116.14322225446485,15.792043375853826,13836.571438204335,3.5515941158069197,1,0,1
70,111.34771136603462,1.025,4,1,0.5681527621341225,31.260568911110223,7.130102134258728,12408.270913380156,3.503839638562655,0,0,0
38,113.39239064270387,1.02,1,3,5.362231454741012,106.9900402195306,16.44750080210212,3193.6243575053977,4.560195187720225,0,0,1
40,120.53914452465852,1.02,0,4,4.333203661042985,73.33948384344606,11.892162486880906,14840.622119107114,3.9791774197674936,0,0,0
24,156.3518198220763,1.005,5,2,3.8413836086987088,81.191129933838,10.419344935747263,9392.71044885566,5.3965289919540425,1,1,1
61,168.1293157834258,1.015,4,5,7.752263859637365,26.389290744873016,16.2421843484266,19024.365072697143,5.498807937306848,0,1,0
80,175.0868155154321,1.03,0,3,4.783993879721852,44.83807811502656,7.243909931100967,16905.74110831249,2.682241512026074,0,0,1
41,156.55937248808246,1.005,1,5,6.975736833420384,122.7667689793742,12.81424894869087,12990.805982032309,2.5449346061829026,0,0,1
40,104.6947585322814,1.01,2,4,1.5458767715387012,79.01464829622176,12.489325244993376,7287.093690927581,4.521603704143998,1,1,1
20,145.69481766951964,1.03,3,4,4.769048473470708,59.21609141204935,9.19320401211382,6463.195685720331,3.2049029922491177,0,1,1
24,118.13634364609312,1.015,0,2,7.009847200481771,69.92247961544456,11.288874313502106,8786.542240518334,2.0742828750603954,0,1,0
31,98.01376842506562,1.01,1,2,4.873293179599235,131.07193673233843,13.522640059437702,11101.655040860314,5.554570677451821,0,0,1
65,162.49587373685148,1.025,4,1,5.885106335952512,117.3698722626444,14.271311968819276,8033.113670662101,2.907603068975233,1,0,1
53,74.22689838585575,1.01,0,3,3.290326758591555,55.40100163354076,7.007168587065798,11753.801421672208,5.717122606743237,1,1,1
68,169.1938191348966,1.025,0,3,1.1933713777779995,35.27523922760853,16.368534300910152,5811.297233724161,4.869737803513015,0,1,0
64,120.76252110872076,1.03,3,2,3.934252213453036,52.75976881372932,8.645253723928125,19621.117818033497,5.050613959645937,0,0,1
46,140.09216244891084,1.025,1,4,3.4585954312914318,139.6983386371154,9.335804342223591,4834.717434404896,2.8058459831726417,0,0,1
45,142.5289314426361,1.03,2,2,7.002951367842105,95.6065489204682,9.634734456938482,18843.050374124323,2.936777702467252,1,0,1
66,168.462951477719,1.03,4,4,2.329964767643542,89.35242713682177,7.378201365520353,18530.826193845813,4.085071015296263,1,0,1
75,140.03366503839283,1.03,1,4,7.750506706513311,97.53116796002,8.230521235903248,11931.128190931466,2.6883994105994486,0,1,1
82,137.5326943236068,1.03,4,2,7.686035898533721,67.58367454704698,16.863499229441622,15323.474621213434,3.221726770732129,1,1,1
67,77.33172446167589,1.03,0,0,2.35723732303579,124.92391264153666,10.15216737377286,10412.821065533994,3.285849911791218,0,1,1
80,127.02488241397243,1.01,3,3,3.110389666079904,88.02721240903247,8.153010903390493,13710.58781822145,2.6385197330110564,1,0,1
45,86.51859008987458,1.03,3,5,7.216668056554138,35.17722735994342,8.069912611746233,8789.790936159017,2.820731333580643,0,0,1
55,151.11771455936344,1.01,5,4,7.749666656720806,36.77846622777818,14.19459967669972,8119.703336352571,5.154207368033026,1,0,0
20,126.3444112893942,1.03,2,4,3.82579327127033,89.79168904534039,15.545686640326409,12829.906364881734,2.668783418189073,0,1,0
27,144.82505571291887,1.025,3,0,2.907477842306734,141.7541283492091,9.569522995084698,11468.204461127663,2.11382956737569,1,1,1
71,74.58401906626227,1.03,0,5,4.445705099386565,60.08577581790584,7.20909512335235,12852.118275549676,4.517419770515754,0,1,1
66,79.32712176503836,1.015,2,1,5.658269047743011,133.04035195169837,9.230900184453558,7873.229881879391,5.9039324775698,0,0,1
75,148.79557268689504,1.03,1,0,2.5510588653123483,119.33242625525432,7.565156907967573,9238.28314088892,3.324855258492485,0,0,1
33,77.92927695985406,1.03,3,5,6.023548809643046,52.21561757789789,8.033949366300416,4426.265330691458,2.474622812785009,0,1,1
47,77.83824005417844,1.025,2,0,0.8874301783598078,24.72429728111152,11.315081198476424,3888.698328627497,4.281549301470124,1,0,0
21,71.33193227583762,1.02,0,4,0.8697086957331233,33.240144468509754,9.299183708616326,7308.7712044412765,5.625416844382585,0,1,0
45,175.21515381294282,1.025,5,3,3.3971577885915893,114.70421140016722,12.159458785254234,4262.196608619278,5.136247119313915,1,1,1
33,151.12591954049077,1.015,4,0,3.1510489404554045,45.95706594528407,9.534937532571904,4764.170046790592,4.490063473650864,1,1,1
78,108.85765493522706,1.02,4,1,2.867249115253642,68.2652196657012,16.405373011029475,16819.78289169693,3.260225986430397,0,1,0
75,102.61891394164208,1.005,0,2,4.182648220016825,85.22089158083523,16.059439679262645,3660.852849283718,4.16752069310488,0,0,0
26,108.46735527204343,1.005,0,5,2.9055018673367843,114.31086189852115,12.66806105010466,14202.027496890629,2.364979365217021,0,0,1
22,155.21188842993,1.015,4,0,1.9419343885106892,34.720059023686304,10.544239919873862,7633.481729861809,4.715781697122679,0,0,0
42,142.7507672177456,1.025,5,0,2.8210216181645067,72.82763268606999,10.811468820347356,17816.27657203815,4.900384075590603,1,0,0
37,90.37151246542147,1.01,2,1,7.811782046076762,83.0594781885504,11.11852283144497,11244.868837817492,5.860126491639676,1,0,0
57,89.15202688674928,1.015,4,3,3.5833506274613645,90.30751831630016,14.27579322134944,8194.799808573038,3.0415894349802866,1,0,0
34,80.8235214684737,1.02,0,0,3.835345826437518,126.38688338137815,11.51638995518838,11799.861906720387,2.0738256761720906,1,1,1
83,142.6332991671472,1.02,3,0,4.82408742463355,42.3181653556182,15.567299465058976,9493.286323769573,4.182433857708602,0,0,0
47,154.08099284439095,1.03,1,3,7.875055763106699,125.0180887374609,16.440947859303645,12593.118099387111,4.827162017587257,1,0,1
58,99.15510711575044,1.005,5,1,2.312009573268223,110.0741956005648,10.35946153378934,4947.05876154792,5.161629903531952,0,0,1
76,72.30394571340041,1.02,5,5,5.609615828993253,92.26320584586472,12.6069448137568,19948.838547813368,2.7749557320992424,0,1,0
36,79.03888342240701,1.015,3,5,5.869885201562931,110.93862315233434,7.950565368325645,10234.4499208442,3.047011476148094,1,0,1
63,176.46460383295334,1.02,3,0,5.054933125947994,73.56230606371534,9.00469047766359,8919.920875025267,4.050363701069186,1,1,1
44,102.49892552251625,1.015,0,3,1.1643375472748303,37.9916861758562,11.1346576671016,15073.567421376503,3.3224032398800074,1,0,0
36,154.6145462621947,1.01,4,0,5.576542068706823,106.54948123449776,9.062027159017788,9186.289910420652,5.44204594634978,1,0,1
32,138.71299257396902,1.03,2,2,0.980710332771316,88.2073998691309,15.765604907887177,17165.66318548888,3.895040614954881,1,0,0
44,112.01336036181854,1.005,5,5,4.971069871624227,103.11872407056082,8.58286256059098,10722.602314127227,5.198314576408012,1,1,1
29,92.62559884151106,1.02,5,4,6.04685882916307,63.9398415337037,11.55660821553092,15232.493025512393,4.322479041929415,0,1,0
37,83.3525059975347,1.015,3,2,2.082274179649628,137.89265505417865,13.056992404598756,4826.704679512071,5.092360566468448,0,0,1
53,137.65142648427533,1.025,4,0,6.812165056570805,96.358082914825,13.918639081608443,17384.0261544369,3.330691946121296,0,0,0
27,155.20971587015669,1.005,5,1,0.727653541497532,31.1023229578136,10.830693697265067,15507.205775227869,5.325666487721245,1,0,0
59,140.82946788952438,1.01,2,5,6.828596477437296,78.47451879157572,15.690990687247286,6599.185233853417,3.0982892622040863,0,1,0
61,128.33323465740742,1.015,3,4,3.952467879820738,118.32628711667246,12.683191510779256,5469.862165678373,4.184395232013163,0,1,1
60,74.61463457747999,1.03,2,2,2.1319095494873337,123.2374930251954,11.395077804475518,8376.969928335615,2.856028452695497,0,0,1
25,176.5337655353822,1.03,4,5,1.50333608745476,84.29761685928864,7.672406340520366,19593.19996254237,3.902106086504773,0,1,1
71,157.8585610820032,1.01,5,3,7.649803756867794,136.31718420806914,11.64689468445165,7366.136767639997,3.2727008380348126,0,1,1
45,102.21042403710612,1.01,1,1,1.0449919068586753,54.796896835258686,15.207358408157305,10754.162552092766,3.066813722548857,0,1,0
83,177.79673622947357,1.03,5,2,1.9932006495194423,73.37783064097465,13.145410182213157,3510.3438371947173,5.86794007211215,1,1,1
78,136.20697485999543,1.02,4,3,3.108667605747845,136.81759837396612,15.321624537291184,9752.868002625954,2.6402964219469225,1,0,1
75,134.0664924027971,1.02,5,0,5.151761367208404,136.51337314130524,11.940116705993056,12712.440262362748,5.149303349829581,1,0,1
78,152.2880497372485,1.015,5,3,4.586008139570738,109.14265994720851,8.18461705094482,19203.11841263541,5.93665983793286,0,1,1
52,159.29467668991515,1.025,0,2,1.442326193092355,131.66747112588862,7.13639845835881,11784.512763981094,2.0796059349603118,1,1,1
72,142.21264680646527,1.015,5,2,2.6729598780366097,31.540524704310247,10.032195467185913,16924.824545020692,4.79610965616838,1,1,1
41,84.090532100282,1.025,5,0,2.2906382831451806,132.44934690701092,13.979904714977923,12301.16992367131,3.0116472222251485,0,0,1
40,107.20942565939482,1.01,2,3,2.10157140867756,61.68058785152948,14.902599039416938,3693.345228403808,2.161951297313218,1,0,0
23,172.08920043586545,1.005,1,3,3.583582523599903,43.18309661566812,9.957528346203294,8355.140678226158,3.611558315826523,0,1,1
81,94.70771730282372,1.015,2,0,5.780235894437427,51.11807872446602,11.95653920883247,12784.341633128755,5.7408712406835,1,1,1
81,110.93837262212648,1.015,2,3,2.1308969916292693,74.33590604180532,11.211189044340816,19160.097420829115,2.0470603774679907,0,1,0
43,117.52845712386156,1.025,3,5,3.250091597772361,52.654960598580736,11.105227843514278,17605.216115770967,4.351542767719127,0,1,0
74,118.33454886638974,1.01,0,0,3.431880701308717,61.67378618214487,9.313487132001503,6882.04544104041,4.005585914381298,1,0,1
28,137.42335407439782,1.01,2,1,7.823423970765576,37.54720318931347,8.363711050294583,6741.86711032578,5.49353665748419,0,0,1
22,173.73834215191783,1.025,4,2,7.659997676593017,58.50297952266981,8.96688558231213,6419.940440936312,2.336006858082502,1,0,1
50,96.47619830157556,1.01,4,1,6.50103187064057,94.39689589046016,7.553323871633461,18682.481237142558,4.726104119546601,0,0,1
59,83.36515139310099,1.03,5,5,2.312441906143889,77.44098205183832,8.98130741823577,17495.32460272925,4.720438793733109,1,0,1
55,91.72175388459311,1.02,3,5,1.0102798556875228,65.07343896066845,7.092008976253794,16173.01834830013,4.676320067449133,1,0,0
43,167.56173902301964,1.03,0,4,2.876781032904685,117.03877675142482,13.272584006359782,9676.496941811867,5.769337979740148,0,1,1
25,141.03918939207267,1.005,0,4,2.5009591207537314,136.15629628113135,10.163754073876827,11574.471973079037,5.292350116027522,1,1,1
23,101.4497468163076,1.015,5,4,4.294443501097954,118.38259897731162,16.731447114269088,10893.639661517598,2.167890904974024,1,0,1
25,159.7541632865479,1.005,4,0,6.332959325508448,63.16009127529829,8.937170507762978,7307.767828509335,3.8843314028180527,1,0,1
70,164.75069959997796,1.015,1,3,6.937422041591435,116.77748181888198,10.45828570309594,11585.47678452904,3.591812224805334,0,0,1
81,163.11657725593057,1.02,3,5,6.836480640578814,39.75742372162666,10.578411586415331,3518.441313496826,3.240588884363208,0,1,0
76,171.081918700351,1.01,5,1,3.1975667091730084,36.94133845186782,7.084514960624605,5240.776349456806,3.805346900616389,1,1,1
27,97.74651221906976,1.03,3,1,5.654257575955122,64.93151481470066,15.39207953039459,18072.023134872088,3.53677673970391,1,1,1
45,153.05461216209062,1.025,4,1,2.8462564814316504,125.0013079757274,7.319944601443247,15778.556039534194,3.729335599514661,0,1,1
70,120.6593447001554,1.03,4,1,0.9567915742638704,52.02527214149925,16.401798347292413,10188.76295400448,5.91704746243457,0,0,0
64,162.61984081790678,1.02,1,4,5.761739492022067,28.222943156828347,15.920743510936209,11791.556158825912,2.354531898998323,1,1,1
63,150.13397448777744,1.005,1,1,0.5737066442734089,37.12223957682616,12.355219160859637,9289.981061319617,5.688923479354919,0,0,0
24,155.40921911496972,1.025,0,3,3.5688694059386643,131.63684590884543,12.43595574911292,15593.257741731431,3.920946853884107,0,1,1
45,142.17780214491785,1.01,3,4,2.970344519765568,102.3918270171474,13.537779229561565,16331.182046945352,4.494968981998165,1,1,1
38,89.51716464166776,1.02,3,1,5.700331538891393,52.916151238096965,10.87050011934887,15975.848233453704,5.320731866470776,0,1,0
39,129.9529610786632,1.025,4,0,6.246841045702842,92.18845729266356,13.472222833978556,15284.399322185644,3.441852116597022,0,1,0
31,178.3136713476959,1.02,0,2,2.780709769784629,88.58535091529555,7.447683886884869,6476.573757777529,3.721687632351868,0,0,1
66,173.1126873146831,1.02,5,2,6.587202608336401,105.20667719728596,7.540476273497266,8745.48964708814,3.638073921114856,1,0,1
20,74.74911093767129,1.01,3,2,2.704375703787003,50.314382074810126,11.572304196195445,10987.372394722472,3.4989240901430394,0,0,0
33,88.12962973023808,1.015,0,4,3.847447699899209,132.3723883352717,12.49622301106035,8623.480854270147,5.70211728658758,1,0,1
83,84.49016508000182,1.025,0,1,5.952638952606004,60.21791307040167,15.87817640335819,15833.983402691592,5.315719564772048,0,0,0
57,149.8577900983825,1.01,4,5,5.696901719185914,110.2371150169108,8.046606339078963,8599.009912249228,2.4359999594519044,0,0,1
56,159.95638628426394,1.02,0,5,7.9052635423415,22.096204028387938,15.226479271938894,5349.945475350732,2.432493409908384,1,0,0
30,93.48625029417391,1.01,1,5,2.188707681619489,68.44542688623915,9.100473372920696,9783.687684821169,3.7114780594119647,1,1,1
22,125.6437962247012,1.015,1,4,5.467384351546868,65.72227633464507,10.940836485100318,19658.545357300467,2.394629506931236,1,0,0
52,162.47733308123202,1.03,2,3,5.07261431206833,90.65297571579188,10.166024348274128,6839.98401987079,4.476372381084479,1,1,1
25,150.60816992428755,1.025,4,0,7.363238408675224,29.455714031035544,11.00155272865399,13406.697202034897,2.574766429046936,0,0,0
69,129.6460926041033,1.015,5,0,1.672716062336563,122.71707858439407,8.504954980725856,10360.541847275006,4.089493055867204,1,1,1
29,134.93824595046502,1.005,2,2,6.138486226901997,48.31150422978391,12.03570074403555,4207.417650038553,2.028879788014871,1,0,0
24,125.9196601607908,1.025,1,2,4.762014622015762,108.01491593466132,15.016425898313672,11293.902301967011,3.266385393650587,1,1,1
42,102.73032964507028,1.015,2,5,2.5599940234092906,124.41757602173212,11.415340103788967,14936.793587021311,4.708762894690622,0,0,1
29,132.15241921449177,1.02,4,5,4.0582618561038055,93.0440043113967,11.906135758981993,11724.73958907292,3.9361557609113937,0,0,0
63,145.77738322551,1.025,4,2,3.003324478023484,116.31481687385812,15.487675852813142,17825.803083691877,5.913077943995953,1,0,1
21,166.06552074468885,1.025,0,1,4.8448505209134565,106.04184058795072,14.060581146380308,7911.929283178905,5.496415184264843,1,0,1
32,139.9920489377173,1.01,3,3,7.167504581109994,66.21887362976099,11.904544085197848,4466.235912167404,3.436283116172605,1,1,1
59,153.72336907474738,1.02,0,3,4.769787383091515,125.15161007436348,9.576956481891797,18921.615398186103,2.1819461658890984,1,0,1
21,87.60787984500303,1.005,4,3,5.23791813744938,58.31117808511864,15.849267468449666,9429.337941979724,5.382505200460075,0,0,0
84,120.77132218617687,1.03,1,3,4.390608853360321,94.25767930769725,12.770204016905584,12798.894374711766,5.644937241258686,1,1,1
82,71.02647818098026,1.015,5,2,0.8837412983410693,116.90170608840012,9.211476101106934,16464.05314421333,5.282509573676148,0,0,0
36,97.13467509737852,1.01,1,0,2.246439176570707,69.264268275626,9.691197526380105,8513.33228588487,2.5117997636790594,1,1,1
28,149.91078866243055,1.015,0,2,4.190012970740621,59.35978899026526,15.03133088936246,15174.79714901939,5.991660537649151,1,1,1
34,179.09909464842997,1.005,5,3,2.826764628085286,79.71498132246695,7.441455620874555,5302.120446903076,3.0343368862110958,0,0,1
43,80.90959095459375,1.005,4,2,1.8632269832089563,126.33525426538996,16.9209218702882,7951.99370249359,4.89681965123348,1,0,1
57,114.1643747447417,1.025,1,3,4.280996314388288,140.88982920893642,8.303516797147918,5460.080814320838,5.632139505342886,1,1,1
54,158.00780655690755,1.005,4,4,2.9210734508588776,90.86084367178572,14.960685253969372,16790.919492823083,2.9427484573228377,1,0,0
68,92.44391980917888,1.015,5,5,2.4358073238006104,105.99060669207472,10.94775316771683,6785.036998855351,5.633034218708264,1,1,1
81,131.0593444232515,1.02,5,0,3.979890630802856,137.42557089105884,11.922161832874668,15195.860441888575,3.237926316779468,0,0,1
79,150.63784256326423,1.02,1,4,1.4996319356162986,32.81109068368251,15.806505774645778,19036.072753176093,5.905652889536224,1,0,0
69,137.7583995286197,1.025,4,1,7.458092998065554,50.170215122601455,11.129111895892132,11972.12755417091,3.1250400815218984,1,1,1
28,90.68272080769576,1.03,2,2,7.007765734394293,112.15700081270572,12.374937536732345,12180.49626843169,5.813743299031341,0,0,1
53,109.09230255543132,1.015,4,1,5.807154393054015,127.08678004859895,7.492996624091699,10837.570657662804,2.2141786035707,1,0,1
54,156.2170962933937,1.015,5,2,1.2966037069134215,131.41377368297515,7.023474738674532,8540.132437691926,4.837088046679252,0,0,0
20,130.96491655452184,1.005,4,5,6.319079408522698,73.96393299114123,9.44799873001726,11086.135525723592,4.128444535348015,1,1,1
59,70.5752574897204,1.015,0,4,6.559679960817642,31.61418729794269,13.805830929187673,13247.728048534913,3.9115083084909226,1,0,0
83,153.7089836030903,1.01,2,5,6.2582346328575325,76.91159204895058,8.212648933591367,19761.85672690121,2.89397725702336,1,1,1
41,73.8842490434263,1.03,3,3,1.3547441533943088,49.99549672691699,8.137619588045494,18941.99750840981,4.822383159105968,0,0,0
79,152.03071610043554,1.005,0,5,5.329309678008236,57.85553914956114,11.109606080359033,17656.60029098307,2.7632379657852284,0,1,0
83,92.27286161817612,1.01,3,5,6.757435968120489,120.39478238887575,13.478370386082265,18115.219106982597,4.211367183939073,1,0,1
30,175.3880828131318,1.025,1,3,4.830150509147508,29.81852118336529,14.120719922479305,10953.43611596473,3.012981452161003,0,0,0
33,110.47348264322927,1.02,3,2,5.348055314210668,127.58555827249128,8.784506740983748,14176.5535620169,5.822485519125424,1,1,1
79,105.96247779718873,1.025,4,3,3.937726095697296,75.59698115714198,7.795881473720424,18216.13428991564,2.1145247753426117,0,0,1
49,86.37768553656892,1.02,3,4,4.465304899130395,97.48831104307736,16.40397033945544,9680.163004853002,2.7989131204449462,1,1,1
54,103.61646370392364,1.025,5,5,0.7578264376379391,31.65479006063827,9.606663825621016,19349.96213187297,2.969242425549791,0,0,0
56,166.43158380110208,1.015,0,3,5.292222664799635,63.856680186446354,15.533464976087238,10068.36305517611,3.6562713030712657,1,1,1
24,179.5967771389972,1.01,0,5,1.110854096683694,31.66111947192995,15.634914504628185,13218.405311684666,2.930920967480214,0,0,0
45,110.51404835575332,1.02,3,4,3.762609457551676,145.00068397454424,14.725225917625444,15066.680125630322,3.965396361075141,0,1,1
81,119.34716940499968,1.005,0,1,2.6949132325055585,124.94401441241256,8.6883360665257,19160.064222290952,5.489862093034156,0,0,1
23,149.42780320230108,1.01,5,4,4.590709626587848,79.75225806633983,15.218014592542003,7158.476658888523,4.848253685636683,0,1,0
61,167.48153585115818,1.005,0,0,1.5006225164240532,49.06833128207724,14.692505592415866,15684.22663005692,4.319847922140444,1,1,1
37,135.23487676054626,1.01,3,0,5.687325514799887,141.3491636824808,12.967229901062172,11853.864964449398,2.3560127119307186,1,0,1
59,113.06782679956125,1.01,2,0,6.462586526963528,64.79755744450634,10.372020351689528,7565.471390550898,4.775968433557102,0,1,0
58,115.38840249334862,1.025,2,5,1.7251583730736737,40.92797611935872,9.62508604266544,16202.31627653864,2.6656571372437594,1,1,1
33,146.51799611464875,1.02,1,2,1.2823481551391165,93.21137049901414,8.21889212080359,12387.778762955391,5.145469543846792,0,0,0
51,70.35400899647065,1.02,0,2,1.5913661209051937,142.6906356448261,12.097570669008714,14236.554951044487,3.0002270340406128,1,0,1
70,138.15482712058247,1.01,3,2,7.078456714238763,20.497937765041936,12.852608755098466,8489.318165824317,3.668194913283604,0,0,0
57,109.1042311485493,1.015,0,5,4.461419463172671,50.95622962301984,10.593389905157872,11181.657181069284,3.401880809271712,1,0,0
42,157.36170644047928,1.015,4,4,4.00445747005627,141.998193253353,11.753590676808685,13495.02226679714,5.435255658699427,1,0,1
82,80.22897038054454,1.005,5,2,1.3003386432676571,42.24117569143107,10.635144573692669,9883.483842587348,2.5061778348536325,0,0,0
34,134.70224936432294,1.005,0,1,5.3716700506772135,34.72164871317658,13.410060573207012,6372.333177410923,4.262579529539154,0,1,0
44,122.9070178874736,1.025,0,0,7.009996939213174,94.12433805397458,16.012592077965635,19347.888369360167,2.568246437772249,0,1,0
36,140.655807849575,1.01,2,4,6.711394019925897,132.03969702832788,8.63920262046945,11694.948180724496,4.819183344528747,0,1,1
72,77.13389539312652,1.005,5,0,5.19541031735601,82.0242763002104,10.814088099031236,15476.646294890908,5.620312511177925,0,0,0
70,133.79821661709445,1.005,3,2,1.0645903748875525,149.29335336898822,8.408686039508613,9987.802290452988,3.7384306154690137,1,0,1
58,131.7633046755476,1.03,0,4,1.3429777038200972,108.29232093993907,13.24943770407832,9037.239988437175,3.952369041059904,0,1,0
70,131.6726103857788,1.01,2,3,0.8698174033236851,29.629737937358207,14.28870509488596,9921.793073941124,5.7096913459310485,1,1,0
25,136.38364332561002,1.025,1,1,2.43109412369352,149.0681771186568,16.31912732597456,9956.342944356044,4.0839655545974285,0,0,1
26,144.41147309489986,1.005,5,2,1.517461003702833,73.02625078142475,9.78871926260965,12251.06197101321,3.950393752198244,1,1,1
70,158.5487899648847,1.025,2,2,2.4503603018932543,57.36232939991273,16.5021120586543,12238.987789683171,4.313316410817217,1,0,0
61,99.68027921410358,1.02,2,1,3.3879354178922125,92.52429386512512,7.6326267182067475,11451.614870008818,4.756918945451808,0,0,1
83,160.75543511980683,1.025,2,1,7.572370880533517,59.55998693671236,13.030138633645882,5291.358343596447,2.427533500348125,0,1,0
34,124.80812504897987,1.015,0,3,5.07782044836269,31.2394759256198,7.5713271934333,11433.283134509027,5.284442110966064,1,0,1
48,78.47641070477643,1.015,0,2,6.762303392622218,20.185684600292973,15.937741877619448,5874.766307151075,3.742020109813037,1,0,0
52,76.44060221683772,1.025,1,5,5.827636255342492,78.4458358796341,12.29809057070054,5144.308367028008,2.289394039589942,0,0,0
46,106.7662150565667,1.015,4,2,1.3437734789497382,128.79224488945698,13.69348350762796,18854.97719479985,5.144730676792852,1,0,0
55,156.33866748226143,1.02,4,0,6.019403047804616,94.40097413190996,15.315739259104523,13284.150223510973,3.5077998867450884,1,1,1
48,147.84490282150074,1.01,4,4,2.5632416116934333,149.89694886264732,8.503106224839687,14211.330988117932,2.401469980380216,1,0,1
57,156.74764611396472,1.015,5,4,5.293308852460298,57.29006393413599,7.385915619381338,9830.492395667185,4.535116158173002,1,0,1
76,126.89959620857704,1.015,5,0,3.057214802322414,56.45915841880719,15.78881145912852,18452.67516255269,5.520525413734567,1,1,1
46,118.42188977510396,1.025,1,4,7.982541974484944,40.76742983041275,10.149332274589325,13844.818322854311,5.551014037655945,1,0,0
74,86.21977793769123,1.02,5,1,2.4766360962258336,41.32826647449357,8.289789079271653,16075.887781900989,5.830653899235893,0,0,1
52,106.10120289702428,1.01,4,4,2.5934785308070225,57.07425748130621,11.684612370870866,9265.561973471136,5.470821839066752,0,1,0
29,117.74213027912629,1.025,4,4,7.480041916717987,123.06920588555852,12.983060756960189,19320.201973925134,2.008563677381901,0,1,1
24,79.74604726475789,1.025,2,0,0.6848330347724201,137.74838278273822,7.309706034225101,16947.841932691357,3.520964665653561,0,0,0
57,94.26731479823324,1.03,5,3,5.725167409048977,146.7613320619986,9.748956582570877,17517.12387124724,5.274170319622012,1,0,1
32,135.80478234701127,1.02,0,4,5.939947930519086,50.19765503253885,7.32799874276896,5927.302546237823,3.465012023993897,0,1,1
50,150.9229425663109,1.01,0,5,6.772839330577995,134.5686809298319,11.20335389195499,7606.374533810732,4.4061940255188246,1,0,1
66,179.81822625322445,1.02,2,4,7.808294829788565,62.67316160605382,15.951000290662442,7855.65219462081,4.425267789498128,1,0,0
71,172.64246644779135,1.01,2,3,7.817014393674893,34.669270787194975,16.826524114935694,7605.45679519681,3.460101216155292,0,0,0
75,140.6821719488711,1.02,2,0,0.9895756817484792,133.10324031762153,13.370475535036276,17541.938755772895,5.617895709125151,0,1,0
34,116.33728586234793,1.025,0,3,6.663794920646769,102.69373250367042,8.616376937845917,3542.041518546066,4.01291338154447,1,0,1
48,139.9795101179056,1.025,4,0,5.34732450243036,41.41501649053802,16.05849389999306,4293.699812673163,3.859136823750003,0,1,0
27,156.42167798882554,1.005,2,1,5.355066007798184,75.87806347669033,12.162478232000606,7656.552800708363,5.990054982647584,0,1,0
24,83.0169810015726,1.015,1,0,1.462624449610211,57.34350033401879,8.537493121029181,6397.840569040542,3.974001456290466,1,1,0
48,115.08953786659173,1.03,2,1,5.3764037483424,115.7832939323256,16.217266694516614,6941.613436008423,2.713593007714324,1,1,1
66,162.3782514199179,1.02,3,1,7.868619354509359,78.94410998115484,14.574690507231027,16565.0342173061,4.052277691453752,1,0,0
64,112.22162471263483,1.03,2,0,7.338639271545852,148.60639286383005,14.317052727231516,12573.152096164797,5.25606694207972,1,1,1
21,132.9059498349905,1.005,0,5,3.793479956036379,27.116847693747367,14.091807037944047,3098.101241980456,5.107441307593126,1,0,0
46,134.6546296948418,1.015,5,2,0.7996097996457076,66.15198459771207,9.003398210964423,10298.48701697132,5.154327060433884,1,1,0
55,90.29238784470031,1.02,2,0,3.217201175001536,82.64702172429706,9.110066917075262,9934.043756456102,4.832095135991647,0,1,1
55,109.84589858175173,1.01,5,4,6.697927337004164,85.40736211728156,13.88292998427255,4937.06958055724,3.016871316266753,0,0,0
45,106.79624176161254,1.015,3,5,5.761243260988746,61.07165691013278,9.197227501103969,14494.410406224772,5.448336343360926,0,1,1
62,72.88163793852712,1.025,1,5,3.945077416954673,114.80123238268384,11.386716968030488,14935.652202451349,5.57377386150506,1,1,1
46,72.66109402804908,1.005,5,4,0.9132615136912332,133.7171195535667,14.820018255939411,15255.18472388566,2.776610786474196,1,0,0
39,161.48667480433508,1.015,4,2,3.7017104586747696,142.0335092571222,14.83952518097841,15384.006074496065,2.521822546205576,0,1,1
30,100.03778909700937,1.015,2,5,4.017687047884127,124.6621389839384,11.532617725258596,3000.898057849045,5.902419874356449,0,1,1
57,126.9886642862697,1.025,3,1,7.46416649670602,130.57542564985792,14.92189938275245,19216.653665394275,5.473295854601472,0,1,1
25,102.85981309476504,1.02,3,2,5.308145776866196,91.5708890805994,15.386217961980568,16841.549039929272,5.572944588839787,1,0,0
42,173.47471696268747,1.01,5,4,2.837396874909867,127.36546943548588,13.547757512842605,18367.68884201785,5.545505538497581,0,1,1
66,98.52264347523511,1.025,1,2,4.43988698338041,59.45550818923379,9.2842585230842,3265.93602022638,4.166747296134913,0,0,1
65,117.26224940128286,1.01,0,0,0.9954148086662004,71.80223907419787,9.740117803855476,18875.59952835757,4.585606946663199,0,0,0
31,166.0003275533062,1.02,2,2,7.794261767373026,61.19869179641076,10.148411554087351,16766.40498769778,4.181451408534567,1,0,0
32,162.61269234709897,1.015,3,1,3.200449264480445,80.7603536082303,8.16804107733952,17232.725430297876,2.2048253967613163,0,1,1
81,90.47115596309052,1.01,1,0,4.084005161848518,57.125350111022726,9.731596203699452,4585.885540273464,4.982012341411091,0,1,1
79,158.29076407752814,1.005,4,3,3.16462980677692,145.0094874930781,9.095192243125322,15559.22649161616,4.021328133343522,1,1,1
62,120.40055754116818,1.005,3,4,5.618837975871501,60.66980164073686,11.55328749808602,19318.583723915544,4.59083629916092,1,1,1
24,123.12657592938908,1.025,1,4,5.466741187471948,32.74578995442218,16.08437547872265,14535.304804108731,4.010559219902142,1,0,0
56,84.68279696575382,1.02,0,2,5.8649173289685175,88.48623158655374,8.04480316753958,12699.54387861831,3.967245289289824,1,0,1
50,78.86616651328372,1.025,0,5,2.5110742220894062,27.422880197872928,14.202679239473955,19075.70452173295,2.6871564379110677,1,1,1
28,150.07332376711418,1.025,3,0,2.867513608730495,34.37061162011547,13.872830044131277,10529.931069485412,3.114854860564596,0,1,0
70,124.61072675908298,1.03,3,3,1.4393842332215596,48.520620595512014,7.957541986633577,13187.990627278135,2.635410767775823,0,0,0
48,118.05357728766975,1.025,5,0,5.416324788845844,80.36553248467843,16.225724049058,11097.750989404223,2.7826651825013697,1,1,1
59,150.24590515176362,1.03,2,4,0.7984784550173941,76.32262120017363,12.684722021568197,18858.385763125087,5.891909521681219,1,1,0
60,154.20641888902207,1.005,1,0,4.982617516425943,123.95994206036283,10.637255211356845,4293.440355013623,2.6124537830887937,1,1,1
30,87.47989844362888,1.005,3,3,7.022719136387254,116.13170500493474,14.565385834953066,11519.03491403092,3.0770816972208306,1,1,1
42,137.12476644254053,1.025,2,5,7.181241112172252,75.42137821879118,9.57365458401634,14678.19150355245,4.36235863095434,0,1,1
20,84.8889490505454,1.005,5,2,3.8677832027747128,63.381546984831886,13.935098370463203,16462.41115317803,4.440714304946567,0,1,0
65,152.651259463195,1.02,2,1,3.944777661598053,61.14094192799482,7.397112075722472,12911.317006550318,2.6158965189753163,1,0,1
40,142.26506718938535,1.03,3,0,1.0772688725601305,120.61936134822118,15.39408037609272,18451.60165006472,5.17486970314085,1,0,0
55,175.22760831918038,1.03,0,1,5.530737690822768,26.76941280876507,11.481708470213183,19013.85459702582,5.1408114716513005,1,0,0
73,77.58538179920633,1.025,1,4,6.659445652796341,21.66681443637876,13.366929143579418,4093.42679429092,2.9492708168155644,1,0,0
76,76.27601932663798,1.005,1,2,2.334912909535348,123.42077095046425,9.212378198066837,9840.299172203364,3.154665210701842,0,1,1
20,101.04057821625202,1.01,0,2,3.6597566122502343,82.02902887857641,13.770737126584478,3398.803369259625,5.751951461837988,1,1,1
82,98.78762521094966,1.03,3,0,6.791295025739528,37.01454801196488,14.722402758932766,8600.08317536553,5.302685783917912,1,0,0
73,97.16766789791998,1.025,1,5,7.0784035074671605,50.62357149728516,11.732131868843988,12126.759705500235,4.791188132250095,0,0,0
74,169.68800385731402,1.025,3,2,2.3238498519816946,141.2255139026597,13.177269240617942,18483.513818669133,2.328932886042402,1,0,1
59,97.45008198344568,1.02,5,0,4.629279759060232,131.73538683123672,11.563259238223983,17391.42348191185,3.673056323610303,0,0,1
34,99.9144698741494,1.015,3,0,1.943698629768703,112.27205652911644,15.940913692578455,5167.4953534237575,4.237207488307308,1,0,1
40,153.53380886597603,1.015,2,1,1.264090731046674,82.68927994385245,11.978691805143193,4581.516370595227,2.749645151935108,1,1,0
66,119.4713826695594,1.03,0,2,7.333403760439682,87.64207140488014,15.41808709028819,13017.54475886334,3.792906328432898,0,1,0
72,155.43816126506994,1.02,3,0,6.653806281740819,146.7817895869146,15.013520582702483,12046.005531799305,4.40410350995476,1,0,1
28,77.19027733208237,1.02,5,1,6.200261763523804,145.55015770495731,11.105048213483563,7528.419904310405,3.309506720461597,0,0,1
71,123.63283130407228,1.02,4,3,0.8657473910985531,47.98497595215846,9.30084491857475,18290.7024374152,5.123779275801949,0,1,0
76,73.69749602016108,1.03,0,1,6.827965945326931,125.44359361969136,11.06082132559771,18765.22896084641,5.361798326555222,0,1,1
45,76.89185238008899,1.015,1,1,3.785330569290378,45.641546601712186,15.2621737577522,9844.394451782766,3.294437877736283,1,1,1
60,169.70811986788522,1.02,2,0,3.067963424718948,47.75987212491368,9.276325358193922,18135.143470929845,5.354628617969828,1,0,1
54,85.31699082293547,1.005,1,4,4.598572707690323,107.892094441395,12.244363458577492,9527.131202470537,2.41430626441206,0,1,1
82,128.56627505027387,1.025,5,4,1.1851493204266688,72.65014281638129,15.060967479607475,15525.886141104902,5.350916394490625,1,0,0
44,115.22051628607772,1.025,5,5,6.174849120142992,141.1007729238476,10.534774751283788,11091.01769831131,2.6110017266704664,1,0,1
57,108.2077658884727,1.01,1,4,4.86826307666222,31.57126553648115,13.422096370026974,5083.913660622111,2.331708610038904,1,1,1
21,168.98166802559996,1.01,0,1,1.8994257265487564,86.4983333052341,9.456315740488144,18774.881421029364,4.567101617764045,0,1,1
26,72.40057364530385,1.03,1,5,1.911741498267842,139.40779895760576,8.092794453681599,10719.642087418122,3.887749463021177,0,1,1
53,143.0168654793148,1.03,3,0,1.8818648867950567,137.53477586233566,14.943842250928563,15486.279685480862,5.631562401651332,1,0,1
36,175.97338776349056,1.025,1,2,0.927517906639505,40.34879774404636,7.989686234087069,9241.954845331966,3.452756784363397,0,1,0
62,131.6185001808026,1.005,2,1,4.908488370287636,67.66290101253935,9.713813950795846,3320.974935795989,3.1486090537505147,1,1,1
78,173.0504708236401,1.015,2,1,6.802611331913811,100.48578200607052,15.5510942199744,4709.01609776121,4.002939624576793,1,0,1
70,75.74836672146262,1.015,4,5,0.6312366049054146,40.72133502028228,10.464692870786672,11435.731151328717,3.823784743074645,1,1,0
73,116.06726509815776,1.03,2,0,0.8675348372845516,145.84288236594602,16.73045349514161,14729.39407114816,3.377712184868753,0,1,0
43,98.61735700582562,1.005,1,3,4.795777075152094,138.91741273459584,16.797343347738597,8690.500551847745,4.774965194793314,0,0,1
44,150.39030614788027,1.03,2,1,6.646217640395393,41.70352327448099,9.682760204535567,14823.303806020056,5.038247335655633,1,0,1
71,177.94267995469713,1.015,0,3,2.950541679264752,35.75020996392811,7.409782222498904,14876.805020343252,5.4119358761205465,0,0,1
52,98.21830686886726,1.03,2,3,3.1221079910579164,31.10310276507449,14.05063284205379,14966.910424573123,5.891426418841371,1,0,0
68,141.95920616214818,1.02,3,4,4.972598731225819,138.22767632476206,11.509865026483435,11372.871518348644,3.066624768530018,0,0,1
48,91.7907396035714,1.03,0,0,2.5565966684311023,45.171095273409904,8.007528439595763,18553.064552065567,4.864373929959847,0,1,1
82,132.18632800287708,1.025,4,3,0.699562745582631,74.1170407107661,14.075228189780429,11316.340805670465,3.577032941982981,0,1,0
41,121.03257353571698,1.03,3,0,6.01421388576197,78.3506775347604,7.3117490911192125,10654.508289442849,4.708327887804432,1,0,1
45,176.92058625946908,1.025,1,4,5.192374347060898,97.87143574776378,15.701966904922422,6389.473923180659,3.903926761396881,1,1,1
47,136.93799999661132,1.005,1,0,4.855669992917443,29.325594687165243,8.386525291133037,8230.136485057721,5.975092411071726,1,1,1
68,108.44570092955009,1.015,1,1,6.062630967438674,49.47862026206708,8.27311878746725,3719.6863728111566,4.915608543163,0,0,1
68,82.55053633767267,1.01,3,3,5.564231281715282,141.0937502994604,8.756722979685845,13770.099991474894,5.809965201737298,1,0,1
39,86.6371511608428,1.01,3,0,2.0441149113374086,138.09331394491403,16.602663584920666,7225.107646760579,5.339878197924743,1,0,1
82,94.78486229463586,1.015,3,2,3.1436078520751334,121.56778416273998,13.93169360253846,8170.639326252906,5.611604044653484,1,1,1
80,97.6063327474328,1.01,0,0,1.4458260625896877,22.522161930368007,15.013715354636368,16103.84686829346,5.257676788858699,1,0,0
68,163.56776636252516,1.03,5,3,1.4739276006341078,62.51087990449327,10.97634985732753,8562.760113744716,3.8366365215036455,0,1,0
20,131.73450671107776,1.005,0,4,5.571468097674044,101.634635594578,10.363127275049557,7117.330164223417,3.007153813387537,0,1,1
32,127.5730002511803,1.005,1,4,6.939500802368737,55.77472753055184,9.3448400678317,5873.981735272998,3.481280701802089,1,1,1
70,82.62457590561392,1.015,5,3,7.720494378958542,138.24627035699103,11.806480283124088,16172.59283709325,2.080944930559802,0,1,1
75,164.61536626843784,1.01,2,1,5.212603381620833,102.40563003821744,12.518287335341686,5205.006385830457,4.095972669858669,0,0,1
81,149.50957335293322,1.03,1,1,1.8807599252071772,29.347873251137926,13.317748436527554,10713.81392425601,4.020231201081635,0,1,0
51,77.44351980900018,1.005,4,4,1.2923775908669803,138.1707265486414,9.571185039986943,11617.811973312304,4.101001859321952,0,0,0
49,147.86186069527457,1.005,0,4,6.596382286525683,144.50966556290894,16.486540809029904,14685.628515657148,5.896124899888255,0,1,1
48,129.78920390769107,1.02,3,3,4.840673572699995,30.10261439092432,8.697584982071358,13765.819199660924,5.645816013819357,1,0,1
68,78.98978803214561,1.02,0,1,5.137137657602899,89.20683053197094,16.656531747664125,16782.251440067972,2.646851113320432,0,0,0
64,120.4130705681522,1.005,3,4,6.360965665660319,59.43735668784216,7.148561225075038,3760.774376746049,3.4755300862235567,1,0,1
49,123.31659158430516,1.015,5,1,5.774579207993387,71.0690799425823,11.811256918168455,8039.492321249752,3.695824717853048,1,1,1
35,88.23519941796033,1.025,4,4,6.758436896420725,43.35465833419445,10.333678381165628,7762.280019181456,3.442131671406591,1,1,1
59,174.02679617003105,1.025,5,0,0.9216042909490886,95.14937326161365,11.491234139302508,5482.28739506584,5.193983854415652,0,1,0
38,163.49729086287283,1.03,4,2,6.1064047755987865,144.5373159223558,12.70664578980789,7916.030315559533,4.096150679470348,0,0,1
37,143.59245710620192,1.005,0,5,6.881395679915716,85.39943803530917,11.35589158012709,8266.010340429359,4.288399267886501,0,1,0
20,120.8525117100668,1.005,3,0,2.6460128184373577,30.77889558128255,11.14846850301595,11872.03585276713,5.412054235951702,0,1,0
66,115.29420957429592,1.005,5,5,5.303354554949396,100.6001733520631,14.327234154133066,14282.976141746352,5.2237126136614345,1,1,1
57,141.60708138660496,1.015,4,4,2.856215478777291,64.22898927866342,13.858762750864646,9478.70873140084,2.5288460912811987,1,0,0
70,129.9975056347596,1.02,1,2,7.684782998618405,131.2702746468687,15.33271282035848,15230.99393232748,4.855658336334537,1,1,1
82,76.85004164700742,1.005,1,2,0.7506767932662781,76.50815928114113,9.499589812394955,8714.81075585286,3.741744515608142,0,1,0
23,126.37529136473648,1.005,5,4,4.848446328747163,45.069149162491925,13.095285097540636,7934.822514350926,3.178595612250002,1,0,0
20,158.70439789561237,1.01,3,4,1.7487766028713632,44.84373094984885,12.85194785392854,12200.196949569414,2.2000752836087454,1,0,0
27,120.5163865356654,1.015,5,1,5.84165153882869,119.93934349375084,10.697378108726888,3403.1781251984403,3.948998241381804,1,0,1
48,75.71522353096952,1.03,0,4,1.8191771256399656,54.52638777995679,11.860575419026809,4356.415101778006,3.421746722898125,0,0,0
74,156.49060193224364,1.005,4,3,2.2653744642376816,119.74034124069898,10.137821433057288,10105.48224097096,3.0060521587056037,1,0,1
22,92.1500160349572,1.01,0,4,4.207781082843185,46.76535039965792,8.418443976169852,19029.516093659862,4.77868691838783,1,0,1
51,98.44829183768428,1.025,1,3,7.3612621249765855,61.81922793117023,9.138012106627327,15265.7002573382,5.0779415492623485,0,1,1
29,88.11769887755256,1.03,4,4,2.0878577911097813,80.51330641716092,8.05513646401201,4498.151681509482,2.9791580761176992,1,1,1
53,106.32365713586472,1.005,5,1,1.5818001583857764,142.6154604601486,13.830695751901242,17387.406217274853,2.197789746717389,0,0,1
74,153.24266562574985,1.005,0,3,6.192326238905229,141.1250852179972,13.607273931091516,15449.113100339076,5.39501080226094,1,1,1
51,127.13244454543312,1.01,2,0,4.254646492504483,46.89334380489741,16.506063715798728,13386.090936945104,2.0398389648172133,0,0,0
69,92.53694015657838,1.015,3,3,7.338388342863285,66.56847536159947,14.296784136472413,16944.980330356015,5.748449975685888,0,1,0
26,166.56130859672447,1.005,3,1,1.5996091786988171,39.4219204989904,7.520458387561314,9869.867411630272,4.510479495930824,0,0,1
27,166.7540040446682,1.025,2,5,5.344459197672795,86.29806031075462,15.842451739289542,6765.5178645154965,3.287386540805281,1,0,0
84,165.76362675506076,1.005,1,3,2.246593596138613,79.87573159030666,15.626751629457258,11704.39761484891,2.985911638306945,1,1,1
76,96.26758325196931,1.025,4,4,1.6757032148872948,137.0988211185952,11.433203207726988,12330.309845089056,2.036022657057901,0,1,1
78,119.63632785990868,1.03,3,4,5.625720613679529,140.90069911283945,12.858630505279216,12151.548324168503,2.9418856680435086,0,1,1
73,178.3488621754963,1.03,2,5,4.952634649315499,69.86376083094797,16.76078332472519,12606.25445516179,2.5509132060685644,0,1,0
70,154.92137239409894,1.02,5,1,6.161205937717484,83.92593259246863,12.323043638481662,19127.98361006608,4.448664882892583,0,1,0
27,72.98841633481157,1.02,2,2,2.820969323346368,136.51071238899732,16.0532182837609,18338.175592635933,2.666182354375205,0,1,1
53,77.17250503865412,1.025,1,4,3.859787422866424,124.872015006858,7.830387578101864,17887.18962150197,4.114519350146477,0,1,1
54,121.0324514493566,1.015,1,0,3.5410375724781384,20.47532047480441,8.910518687086828,16624.08578544666,4.360465689377883,0,1,1
51,170.01422264477162,1.005,0,1,7.880670979748856,61.60774334386573,11.40754943441318,19038.27782350985,3.192166793387658,0,0,0
65,129.25719777479856,1.005,3,3,2.691867175545409,74.83065145169637,12.847568083373048,4674.408908549855,2.140259796074875,0,1,0
35,124.75937588377192,1.02,0,3,2.711129287600752,49.86311687882012,15.162278518628002,7507.0954445775715,2.1490155224567844,0,1,0
56,81.60210699522936,1.025,2,0,3.1591115662145555,45.94431006647204,16.88262115143187,11415.951076127943,2.1053893287756704,0,0,0
73,142.24581151967234,1.005,4,4,4.734455609677411,24.91198585743836,10.888514964741164,17391.08638309789,4.956498668546185,0,0,0
33,160.4313476660248,1.005,4,1,2.3924205819780893,103.63806425906888,7.4741563614008495,11587.817095886452,3.2720388192571925,1,0,1
74,111.84620082583186,1.015,1,0,7.364674552844554,54.12633776281154,15.011715032953248,15716.590568807009,5.185200743870654,0,0,0
67,155.31730360178602,1.01,4,4,2.492641736496976,26.805133196070702,13.04380719082808,5362.318389231576,3.7269312953713967,1,1,1
26,176.0924319290893,1.02,4,1,7.21861798670146,50.02731036864827,8.985428588682016,7291.034820601523,3.8119924033198553,1,1,1
26,92.4143105040458,1.02,4,3,1.276062977349385,124.24881386869644,11.948284566214202,15440.19361564043,4.051530410038295,1,0,0
52,127.56625943142154,1.01,2,1,5.424220267997392,130.69359361405105,14.423102455337244,5800.478151091309,4.852125825500416,0,0,1
42,101.58517538930332,1.005,4,5,7.302391388286828,82.79861187512935,14.70411787068644,8973.050889133756,3.0940114633188283,1,1,1
38,157.21398609372233,1.015,5,2,1.7656207879867214,74.0891871531292,11.99618411998762,7502.726382830714,2.486349398134108,0,1,0
38,133.53527024692733,1.015,4,1,7.762452200744413,147.12098015523162,10.052145301288592,8947.648801782134,4.224229340765846,1,1,1
55,139.8040659305334,1.02,4,2,3.8966252031163378,46.07340574644908,16.737425820384935,15041.508834325496,3.307910492970957,0,1,0
48,157.77055755774836,1.015,0,1,7.592863313307683,47.9967067710991,13.63362610956493,9253.402079427618,3.7699652546721496,0,0,0
79,113.55675199287003,1.03,2,2,5.576150327225353,57.94273301473197,11.082375193462989,12439.476484334984,4.587786833349222,1,1,1
21,170.65990752477475,1.01,1,5,2.7619015240516367,42.45845137654135,9.804632242046525,4698.841909924964,3.9765029645650825,1,0,1
20,128.6331753970754,1.005,0,3,1.912268936878298,69.31752776654426,14.311029830035622,16685.30078498867,4.481115268403372,0,0,0
66,87.37503051188828,1.03,3,4,2.778012846688245,138.408449508668,9.421834455937676,9288.106636018125,4.176800008454512,1,0,1
39,146.54890299856828,1.01,2,2,1.1976305694700624,99.99521928171464,8.717099889736883,14025.080703566822,4.959185487744397,0,1,0
30,157.258748548208,1.025,5,5,1.5790097475749731,73.55305131959427,12.298338889620702,15331.623228251156,4.82374647084648,0,0,0
21,104.84378447742792,1.02,2,2,1.2849533025986086,141.4734032942579,9.89987392644142,6564.235675898906,4.136759567234477,0,1,1
31,164.28971826986282,1.015,3,3,3.672076578061683,26.300350221856903,13.289051449236151,18039.47474420695,4.715612083438828,1,0,0
39,169.6757580242343,1.025,3,2,6.4668378219318985,47.33590312724198,8.179386748742335,13475.8122773182,5.494238409090452,0,1,1
24,100.45949361155898,1.015,3,5,1.5603766566225514,93.56551866322869,13.549411045673216,10288.327409775186,3.7290851511526735,0,0,0
56,178.18736199867442,1.03,1,5,1.477403248792519,100.0218410151133,9.832965279977024,6099.698120829732,3.651052290995175,0,0,0
57,85.47826808536342,1.005,4,0,5.325717121379981,25.142475853139707,7.002429344345128,19019.115944320514,5.05698248340952,0,1,1
28,92.2217235242739,1.005,2,3,1.978872364760497,72.39503852792718,8.269360576741764,15836.159470237628,4.330215348167976,1,1,1
72,90.26473231618289,1.005,4,0,1.232075285817437,104.39001542801346,16.33615377835094,6536.41756646523,2.284027120890354,1,0,0
63,168.33886810086574,1.015,4,3,1.7513643365418323,110.7491710324422,15.67354639115358,8741.083170311817,5.568448062764325,1,0,1
43,141.9721807557458,1.025,5,2,7.4279854690758205,102.958187327115,9.336090320362368,16764.462387497246,2.1231324089505605,1,1,1
49,86.73147115445002,1.005,3,5,6.661034395821432,61.67321916692019,14.783719045454912,14826.520274660765,4.993585424838972,0,0,0
78,118.4355760205184,1.025,1,0,3.1554842176632056,32.157616067728235,13.085715931739742,16018.332976167314,5.035176570817251,0,1,0
33,137.68278275767824,1.015,5,2,5.418655754955446,75.52461803451342,16.709047114498695,10500.41873761985,5.812444341127722,0,1,0
28,79.18104934883216,1.03,0,5,4.529567552510286,36.73807685784721,10.73605659534059,15180.096464916838,2.216537633609283,0,0,0
59,167.06580052480726,1.025,1,3,5.578431976119229,143.19107560768674,13.814606125171712,9570.393288686531,4.387427443137964,0,1,1
44,158.3963888985689,1.03,4,5,5.620033643470695,81.77221258294168,7.635357224239186,6591.469587949339,3.711362282508212,0,0,1
41,125.5727450934302,1.015,1,2,5.215505112949947,61.24369266639278,10.96247346816406,13755.50959230312,3.322531819438168,1,1,1
23,176.38392767850874,1.015,3,0,2.4957602640298147,119.61952924545702,16.638176611881804,19592.2367351795,2.361274241196292,0,1,1
45,115.95370772026097,1.02,0,0,0.792548155721136,84.7333170356943,12.389808744501206,8280.216513720603,4.250616478685236,0,0,0
77,178.25213509401476,1.015,3,5,3.916750864925816,60.304423121618505,9.878795033348446,10836.483067613177,3.916162902698455,0,1,1
48,143.47119986839897,1.015,0,2,7.182304135180279,125.55580651080422,8.20270963128607,14458.02330818751,2.418217832604097,1,0,1
56,139.81384005793356,1.01,5,1,4.77122943888932,132.72977963014586,14.035283401815304,12205.606796082291,4.449958028388334,0,1,1
37,88.25503848253635,1.005,4,3,6.74293281276431,107.491061617528,13.448560434297269,17338.272527053836,4.951812481011753,0,1,1
61,167.01205341351084,1.02,0,3,7.9371825722092115,26.105374912996748,10.739387136037744,15949.62600998177,5.069113204214593,0,1,0
60,117.02386567126766,1.02,0,2,1.727121531037072,93.62197442164916,16.50941351865834,3991.0524656600696,5.62149275304971,1,1,1
57,87.84567463607273,1.02,0,1,5.688332293564868,119.22833855964662,7.222028129878503,19973.16097670416,3.6378829675551088,0,0,1
53,71.38682719733349,1.01,1,0,5.557201802750185,37.74539157086568,10.037238516318258,15790.841713230942,5.812291074488548,0,1,0
36,131.57312520022208,1.03,5,4,7.849665855187088,49.72719767999844,16.210694862995815,17686.356376999924,5.461717620330744,1,1,1
56,128.0139584334944,1.015,1,4,7.892005504646002,134.72436365885773,10.209354383194404,14070.361105620888,3.186006284095756,0,1,1
44,149.12889846060745,1.005,4,2,5.650089587930971,22.615823840899623,9.522528338551703,17556.84717679496,2.637132149397834,1,0,1
46,167.92838583195822,1.025,0,1,2.327110939866457,117.85452791737688,12.342204099312474,4910.51057378806,3.7415575845120537,0,0,1
76,78.73472431073324,1.03,5,1,6.489168785979492,81.59052802687498,15.23801749920538,8911.543204508365,3.6075948318238655,1,0,0
50,150.46461393743988,1.015,5,3,1.3027185065827858,78.08038064914889,8.031467608783611,17899.15604127638,4.302877221324817,0,0,0
25,90.61531385073404,1.01,2,0,6.355244781287215,20.92254922433533,16.430207096457362,6428.138591537168,4.333544929310992,0,1,0
59,164.39947584728804,1.015,4,5,7.326470931085223,126.52177002564406,14.95072881181164,4330.115675860387,4.9999479375199005,1,1,1
31,160.09698652478215,1.015,5,1,3.3712504607632643,66.77723708275364,8.81250255551552,16398.021979068722,4.039559792822441,0,1,1
72,129.48731304840987,1.01,0,5,5.229764712373104,90.29953206907058,14.120079611981629,17203.264645936033,2.419290563763062,0,0,0
29,148.12670784856425,1.02,0,4,3.726070490726197,108.04908922363572,10.849587226375572,5765.08770922831,5.433165342212424,1,0,1
64,104.57851245021232,1.02,5,5,3.7832379124109634,111.34184493692904,11.022946780763188,17523.881707306162,3.2390583327407483,0,1,1
36,121.8284688826096,1.005,1,0,2.8277816683109003,144.2774076473894,14.832900924388664,14675.052525151885,5.885189841226368,1,1,1
45,160.3800587481519,1.005,4,0,6.215972153377435,89.07419392075919,16.627848079807322,11841.405614681926,2.4714404347190806,0,1,0
81,120.51917168905354,1.02,0,5,7.521324231248789,71.96354162667558,8.266558728471939,17114.253277283548,5.8330046889300124,1,0,1
65,109.3578091857986,1.03,5,2,7.555631444258458,143.98147144392203,11.206302368788194,10127.237238422418,2.364047227530068,0,1,1
83,124.363369197533,1.025,0,1,1.810859636562004,103.47433055331774,11.809416080843036,6297.897255797752,2.924144551788238,0,1,1
21,161.10741776809402,1.015,5,2,7.0605773724242455,58.75954631595223,10.763118169549976,7842.495502380432,2.1863197683461664,1,0,0
73,106.872885210796,1.025,4,5,6.030735810703416,36.44035190246425,10.63189123716225,11587.788310986352,4.82045258655598,0,0,0
84,89.11377524493182,1.015,5,1,2.3962805051771694,129.53208519047357,7.522686675615965,12032.623475443988,5.401194946287167,1,1,1
70,148.32154223638588,1.02,2,3,1.0046345969113593,67.0836083632397,13.855386205626232,16694.87404950097,3.7362843272639217,1,0,0
72,160.857603397889,1.005,5,2,2.509979501632835,105.86106377737605,11.362144171200454,16452.996302089683,5.714088300169719,1,1,1
55,81.07012263758867,1.03,5,2,7.341561775861442,81.20613451756677,8.947938026439267,12883.231472477772,4.361196287022398,0,1,1
45,96.38615240315391,1.005,4,5,5.248840061718292,45.86087137335498,15.160335023020684,16273.353217213098,4.520028541786093,0,1,0
48,85.61691887370932,1.025,5,4,5.907909956734039,98.21925912066048,15.025607481516278,6260.148790992407,5.38167680680308,0,1,0
40,108.27355527403832,1.005,4,5,2.4286426333182187,27.8887989635887,11.863916280888938,3851.096960586004,3.187200820207356,1,0,0
30,119.5386076795954,1.02,2,2,5.895411166811152,73.734519783255,9.984506611477606,17851.774984789903,3.417062885310503,1,0,1
59,152.37089706596373,1.03,4,1,0.7109112970844282,91.05994215627724,13.380927257964524,4284.426393967083,5.623807676778577,1,0,0
30,141.62623433698417,1.025,0,4,3.314910093297604,76.68610663541529,9.88152135777403,7193.703305647954,5.603853984155055,0,1,1
55,138.3021424226274,1.03,4,5,5.200650114067484,117.3273827826288,9.36007930323712,14820.422143614538,5.905931104803484,1,1,1
78,108.761244127062,1.015,2,5,1.5957242415599016,127.6302440908906,14.305146540263266,9960.614939664254,5.607353265766685,0,1,1
58,162.5592308393236,1.005,3,2,6.672526808352011,120.26159962431316,7.403252397209507,17897.33748856365,2.509488144133444,0,0,1
73,121.84158841379808,1.03,5,2,2.26273474108939,25.045683215534275,7.947684710345939,8065.656509258582,5.294897144547949,0,0,1
74,177.70154318166698,1.01,4,3,5.392108346138347,45.23674015797639,7.067881740235897,3201.812893379108,3.639353912438376,0,1,1
43,139.75563521253105,1.005,5,5,3.5389785693149727,89.75897620429066,8.529431864754262,8111.14588953265,5.963205423783752,0,0,1
41,83.8891215720953,1.015,1,2,4.970326966082354,141.52686525769417,7.689900087104594,12827.275836142138,3.889123857315204,0,0,1
75,144.37953182829773,1.03,0,0,1.305879144716811,128.54438075677518,16.958023677799186,9390.952381855986,4.215344330008882,0,0,0
52,105.76144169748687,1.025,0,4,0.626845999412055,129.52948608573422,9.888099699540897,12092.83684789884,4.119099661027194,0,0,0
55,145.49599163547072,1.015,1,0,7.321733205352259,59.41706518875774,8.492680126692473,17902.16802019532,3.286948119433111,1,1,1
39,77.66052629786464,1.01,1,4,2.522225065753871,75.82822662023133,9.40996257995918,18512.245921916263,2.3000883555716727,0,0,1
81,89.23695808935554,1.03,4,5,6.647577520853443,81.19177315107186,16.36125571540135,7521.559099119906,5.582604921607674,0,1,0
45,164.13109847963648,1.02,1,3,7.995127253541502,40.45830583548835,12.201602230243957,10856.388045588312,5.210703250105148,1,0,0
59,94.98975127258664,1.005,3,2,2.0857344349918336,24.03885693177932,10.64818096307857,12335.44825910467,2.558107122238677,1,1,1
36,162.07452377672342,1.025,5,2,2.488780558875167,143.0973769298672,15.733914579092191,19134.9117671002,5.107073085400291,1,1,1
20,100.72036972998517,1.02,5,2,5.4714484072599925,51.29263613625588,10.949902705490324,19976.49442579454,4.50338666420244,1,0,0
80,140.71701010645785,1.03,2,5,7.740864759504659,51.19335748407207,10.350085699576958,7001.9232303059525,3.636575151670489,0,1,0
62,146.3565630860814,1.03,1,4,7.36860761143058,30.83927698993874,9.072825225497356,15358.657812878862,3.016084596382251,1,1,1
61,126.39202284595582,1.015,1,2,4.271566400491887,140.70600775269122,10.777968239094116,9426.52805796432,5.43891513400893,1,0,1
44,103.58417443664044,1.03,3,0,6.463327118950435,95.36582494217036,10.16684356016926,3137.8393470656247,4.800753037176213,1,1,1
58,93.39088140082058,1.025,0,2,1.518093898249258,106.714791426296,13.77303959298141,3157.29288141034,4.190959637876548,1,0,1
54,73.65082900186688,1.02,0,5,7.830786381530093,138.50499534419683,9.895827046707272,10829.622128558349,4.438274135593856,0,1,1
22,103.43410413647962,1.025,5,3,7.732649255269899,64.93062195710263,12.771997464225612,11301.693521073688,2.364264728328724,1,0,0
63,141.84790695844111,1.01,5,0,1.7279671840937822,100.79595044795091,7.658921650319727,3383.6848417485253,3.895679043644768,1,0,1
70,173.2135300293331,1.01,4,2,2.7456734360233,25.04392911475537,8.912891566965143,14677.766085163144,2.774801171142808,1,0,1
31,165.8324930489357,1.005,3,2,1.251162481300752,44.28042867004682,11.074052716113489,7998.057606114203,2.833534716035301,1,0,0
38,154.26712541888327,1.005,2,1,2.537881991736348,128.06195466169254,16.369492539086956,12518.18272611114,4.645215849147467,0,0,1
63,156.72920775786287,1.01,2,4,6.61966842061405,119.67988632398364,10.772519857156954,8115.624243812119,5.645024607337152,1,1,1
78,143.1483393823595,1.03,3,0,3.337367053739446,65.5835498894291,13.64074121199834,5841.283352778222,3.615026441913386,1,1,1
68,98.63155433226032,1.025,2,1,1.1629772536006877,68.98538161064762,9.550872224213984,9921.95355618088,2.830997092048761,1,0,0
80,169.7914533776413,1.01,0,3,3.066691435841784,89.36207636196534,8.270335759732317,6948.647201438513,4.594987748946616,0,1,1
36,143.78055430964173,1.005,2,4,7.860375006809601,20.03133060906749,7.585366000800501,12091.616607625858,5.484748185401271,1,1,1
76,131.64846940784838,1.01,2,0,5.2226269644440215,51.361763684943625,10.054134985427511,6380.085014870159,4.993275204489963,1,1,1
74,82.20884161348292,1.03,3,2,3.6212070980461832,47.07013511906788,8.57661026796908,11642.90160295866,5.475028922146349,0,0,1
66,119.1761098187068,1.01,3,0,1.749038851229525,52.56278307746925,8.740104480161243,5675.434752770749,4.146218684043197,1,0,1
31,120.6394098322119,1.025,2,2,7.8963259796277105,124.76775952934736,14.6075930838695,14406.570061258344,5.007504977476764,0,1,1
81,165.10199704749368,1.02,1,4,6.656367569473466,56.35760135103761,7.158380709448743,15816.940635504208,2.560258237435746,0,0,1
27,130.13130422065672,1.03,3,2,2.611079768381896,44.897771866519264,12.578101257354344,4876.701982248875,3.393098461452766,1,0,0
40,111.84406038674508,1.005,4,3,1.0255152179089209,85.5542499030941,10.794613805934649,10952.641004634766,3.5581966579260897,1,1,0
44,177.44803613617253,1.025,4,5,0.9246916803316853,132.53385472845514,12.065499999085471,4204.818911132851,4.045182984984138,0,0,0
31,82.17926526589473,1.01,0,2,1.4028361212915037,51.37546149887498,12.62830237214603,13169.10157421404,5.716305441027295,0,0,0
34,116.48032711431392,1.01,2,3,4.855764377108162,30.20971156306383,10.133676944572782,7494.873064803971,5.497186240888697,1,0,0
78,74.62271426885458,1.02,1,5,7.465725659041193,66.33261566045641,9.951088601842851,11969.615766258034,2.538101969156738,0,0,1
45,151.38945328436233,1.005,0,4,4.225575710044883,117.19473719344712,14.334018493349056,11796.83715953295,2.691158607529853,0,0,1
45,170.98842074190657,1.005,2,4,6.822091118421478,91.5897708103233,15.712769881211573,18714.02388529461,3.4305621983556454,1,1,1
66,100.80410625055384,1.015,3,0,3.844149648948559,126.18313804466516,8.925816324585279,12334.41478366829,3.162975463562696,0,0,1
51,164.4175844479033,1.005,4,3,5.8143765932586895,144.74697918920043,7.976187605351489,12910.974155211366,4.45908381262505,0,0,1
29,102.14400535080875,1.02,5,3,5.989045529648756,123.0461219777102,15.97795806392026,9828.103137994463,5.61110419105818,0,1,1
35,170.18471778083068,1.015,1,1,1.80472779427504,98.49440024968794,10.498954636473986,19134.35325410789,5.849166166690347,0,1,0
36,152.93580939564623,1.015,5,1,3.2091204423185884,84.13440644680946,12.513173906628142,16212.160460473364,4.614411810140906,0,0,0
42,158.53974545255824,1.01,4,5,5.27976617403518,25.208981225274663,10.595431445200036,7851.889935148307,5.352636805604346,0,1,0
45,71.98072111604999,1.01,5,5,1.0302245613827463,147.96185724582537,8.258023363460513,17351.562958195944,4.100808800923188,1,0,1
26,175.90913927814285,1.005,3,1,3.2115514082221743,69.85254593475553,12.89331644947728,10350.73812314653,2.833307787440159,0,1,0
33,149.93380912773557,1.015,2,5,4.510995997108943,39.789667809192686,12.251408517696296,17087.341440071097,4.0987536483739095,1,0,0
26,103.52262049247466,1.01,3,2,7.97168369783479,106.67215120153938,9.029935591911972,16989.097160989535,4.220330405750604,1,1,1
28,161.23341313447315,1.02,5,1,4.059001719668306,56.95747758240972,11.51869044652278,6210.793174968525,4.969830256854227,1,0,0
67,100.96733182564228,1.01,3,3,6.620425678357427,96.15117522103618,14.96947504015646,14919.399233520808,2.8795319588293964,1,1,1
78,166.00292235227408,1.03,4,2,3.740504637999633,96.27982801979684,12.904261031078914,7940.930478211028,3.473241528346927,1,0,0
58,82.38384294531308,1.03,1,5,6.472930419647817,77.94487671737299,7.969173270669948,8057.375389875359,3.456109876858265,1,0,1
37,147.40545752068755,1.01,3,4,4.965611012150813,128.69542002085552,12.48021497229135,8037.917306969873,5.83775838296466,1,0,1
78,129.47683243094014,1.015,4,0,7.149465811267987,54.44571800220759,14.02738299289587,15334.66020851912,3.775779841306876,1,1,1
36,80.6187917214985,1.015,1,1,3.582069142625824,78.32223691030543,14.927034057807514,6907.042710473113,5.020375869192586,0,1,0
33,96.6083211084723,1.025,2,4,5.032283148661092,89.89997671682629,13.291175786342666,3015.3991991835337,5.003245525497756,1,0,0
50,71.36444399050463,1.03,5,5,5.225140104641206,106.27121369974896,8.526581645407838,15159.026509204765,3.062176739212965,1,0,1
43,121.56447620109564,1.02,2,3,3.63037206350355,121.91634056572664,14.101732665901608,5910.14064519713,4.287478757486928,1,0,1
79,103.13917868360004,1.015,0,0,1.5823403276561114,71.32494677417328,13.773418460815163,4776.200720233189,5.577211573274592,0,0,0
64,135.81932327275348,1.005,4,4,1.2016955518425163,103.98610273255748,7.244268829406332,7037.774050099022,3.9007908778277978,1,1,1
22,102.69615884794788,1.03,1,0,0.6250366294972483,39.579423898907486,11.11747667590243,9458.308879485969,5.780470029370184,0,1,0
56,102.99110226576832,1.02,3,1,7.051506981839109,141.24425307052223,10.329502469623732,11090.407567044413,2.8578329172966463,1,1,1
62,151.75125186047637,1.02,2,5,2.273561841790209,69.79764483473046,13.694120642536436,3757.690692114724,2.296636423096123,1,0,0
59,75.29571195761888,1.015,1,3,2.0863006196132603,114.837784856937,9.161358123109206,19499.746654665127,5.565815492578997,0,0,1
74,169.31844947111858,1.02,4,5,6.020265503195492,22.64434064468309,12.908719229742584,15173.071908132488,5.390724791848866,1,1,1
58,163.74902618302997,1.015,0,0,2.900120848155438,46.674328577624905,16.132059618141724,8494.299110513715,5.970359503735379,0,1,0
34,143.45851515490472,1.01,2,4,4.295335193088775,83.32073076206514,14.978023722086078,8417.853373851754,4.717573952449705,0,1,0
23,135.25437271181227,1.03,5,1,1.7188329897309222,134.17282080520505,16.214577362165304,10625.22333926381,5.746751706668598,1,1,1
44,168.15327479536174,1.025,1,1,7.698092910964769,88.54316949358802,16.7850596693269,13646.16198697156,5.307796100336443,1,0,0
32,90.38631974815858,1.01,5,5,6.886860500129281,140.88316269820427,7.106701270061627,5488.342132012453,5.377705332480348,0,0,1
52,78.68660784099114,1.03,1,4,6.978422172237525,82.89359655576352,13.227412763774776,6211.80683400419,4.2765662818170735,0,0,0
35,96.3461186900492,1.015,1,4,3.550803114290039,83.7583825756735,11.128393977589065,17610.387908170364,3.5294583916668434,1,1,1
61,157.40361065702092,1.03,4,0,6.217709102803796,35.567082505069145,15.598544903351218,7356.333706114234,5.738232290173127,1,0,0
74,73.81372933991317,1.015,4,5,1.5790711654233511,124.34531173978856,9.518147020091316,9463.314965578018,3.728468702463578,1,1,1
61,134.10875185918383,1.01,4,5,0.5646425194383521,52.105503620718125,16.81029489115076,17811.62146615199,4.155277468998676,0,1,0
53,179.4981267810441,1.005,3,2,0.6497969943352109,136.94962361840095,13.137079695437471,14273.513099796985,3.784457228500751,1,1,0
49,164.12657032212934,1.005,1,5,4.899513030534203,138.40714864295148,14.93537402228831,8809.101948808702,4.259273255840789,0,1,1
32,127.35902579479485,1.03,2,1,3.915461789359556,142.63031454363946,7.855995528227683,14622.892277318551,3.8820203159693087,1,1,1
32,77.00050002153066,1.005,5,0,4.385115116813898,87.6299635834017,8.83457884758865,3334.614661484033,2.1918702343179035,0,0,1
37,161.45108658242808,1.015,4,4,0.5559735531291455,108.02219202187376,14.584036730342032,15505.925220193209,5.528192744030795,0,0,0
51,135.88763589949315,1.02,4,5,3.670149647430693,121.20706440801624,7.219865220393236,11279.272688776073,3.777575275663079,1,0,1
58,82.64262967655235,1.015,5,0,5.885511209006456,37.03190042456053,15.168779858937828,16824.09650383584,4.355774594029395,0,1,0
65,80.32430133056918,1.02,5,5,3.820202764755769,98.12443534967464,7.139490186919114,19228.84008410996,2.556751211031948,0,0,1
48,170.05895013802518,1.01,1,4,5.991644047341667,24.45872716943052,13.571188390612733,18738.405341407662,2.0135513919305565,0,1,0
81,143.61202892318863,1.025,4,3,2.247642232976261,84.68359084053436,10.650939202318058,18457.505738740794,2.981160374574572,0,0,0
81,161.2215479248431,1.02,5,4,6.598565033612941,40.12954861062956,13.114948527191991,11706.889250876082,4.8183441285334005,0,1,0
76,166.6876790310494,1.005,3,4,4.913234303400892,43.77998037507101,13.960314069891137,9122.415940361949,2.3967781204515144,1,1,1
35,132.89495872531546,1.015,3,4,2.080723245724297,67.4561836700382,10.424752191863044,10905.600520421438,5.635549761545871,1,0,0
75,126.91909869305454,1.01,4,5,2.275403568903747,76.21683167314539,8.079624481108356,14728.232056327131,2.8600902774247383,0,1,1
29,117.34701513530892,1.005,5,2,5.210228484271528,101.01241518918434,7.696458677482656,18027.96220681017,2.818374457167103,1,0,1
49,104.86412465702313,1.01,1,4,6.724546949093325,29.675694397007035,12.889360225625476,6518.767151002032,2.726031846485982,0,0,0
44,117.80555569445828,1.025,1,1,3.617208365218664,85.47992896086781,12.206553537341115,18609.28369384895,2.055926851885459,0,0,0
24,155.12676213031722,1.015,1,1,2.437253218456941,43.74126693290314,14.422010091211323,16858.063943488116,5.087221873912938,1,1,1
84,136.21157741166448,1.03,0,0,7.002587051829504,94.61677275412644,12.09735510003937,19640.552258029988,5.500138124981034,0,1,0
68,168.17756189503308,1.015,4,2,5.519512188131261,102.86259959395386,11.224457900308792,17964.28014578868,4.456650810464796,0,1,1
22,118.77180158171063,1.025,1,0,3.8606411546230737,92.372203351871,10.980871782362309,7758.934604762413,2.752799926719449,0,1,0
64,136.77985365906295,1.015,3,1,4.159251464594764,115.97841636218,7.264469025976675,4801.250492848811,3.141111987763519,1,0,1
33,139.44383084011878,1.03,5,1,2.031923509522973,63.629201751317176,10.355572016966573,4908.098223857007,3.903706789459853,1,1,1
49,135.08668785369582,1.02,2,3,5.201019725486329,119.463856912307,16.760201575244942,7950.796415830694,5.817383806493203,0,0,1
37,147.2897150394068,1.01,2,4,3.190568829071665,76.25972062206517,15.735555762270888,13441.123307737167,2.989405487270971,0,0,0
81,96.11768152122868,1.03,1,1,7.967338825057619,82.94398478193759,10.293780670342176,16673.445543651935,4.926583615679553,0,1,0
56,126.36001553003696,1.005,2,5,4.101376364464159,104.25327654393928,12.87795405066372,18287.2552186866,3.757792893171681,0,1,1
44,81.46472830891824,1.025,2,5,4.144142046422099,22.38658991989912,15.47296745535494,13603.807534276955,3.191389393440087,0,0,0
67,112.2962460409294,1.02,0,0,4.743888405580039,105.01924878463228,11.412743367500688,3095.7323167169134,3.823663748088455,1,1,1
84,123.64337754833907,1.005,3,0,7.3756700233906,100.416069379375,7.17957863750151,6167.38520081507,2.28482687016493,1,0,1
72,141.74466855000196,1.005,3,4,6.506135748948127,60.28012517792639,7.745104618186401,4695.345465507255,5.19474948372145,1,1,1
34,174.5584157844824,1.025,0,4,3.8834755234838103,31.15325703693363,12.103927213487063,9176.51608467317,2.9732077119318685,1,1,1
68,136.07161732031915,1.02,0,3,5.89024449479597,31.821608488695347,16.694393756758785,11522.96689177368,4.901648492771882,0,0,0
31,151.7953307794216,1.005,2,2,4.896766240855713,140.0190871080797,13.932095422188675,3737.752035835534,2.273393485792779,0,0,1
78,125.6892665444723,1.005,4,0,4.192752865259367,109.60631175935885,7.709161914385695,8924.125588526142,5.820394224662744,1,0,1
56,139.75144345139643,1.02,5,4,1.942368295882629,36.523339790196246,8.893608757918628,6046.054468630484,2.7720599416227945,1,1,1
80,77.80254377471508,1.015,5,0,3.9795219759116818,66.37401201015783,14.7132314321685,14000.192826400857,5.530968304828322,0,1,0
62,97.98307389260316,1.005,2,4,2.34363940266931,97.02278920720754,15.414397599562449,10892.63027851378,5.237892838461738,1,1,1
58,109.80384025256528,1.01,5,1,7.36131612388741,128.62432166178434,13.176945861885908,11420.39999787645,5.871439696325664,0,0,1
75,121.97426905071649,1.02,0,0,3.015551101222602,25.67592073269111,13.444231696298166,10270.76039656884,3.9115626437829984,0,0,0
82,75.0213620052622,1.005,3,1,7.641980109000292,50.76230709110115,7.283374503833846,19252.33507827164,4.909589175383806,0,1,1
65,85.40265073086495,1.025,5,0,4.497914675710334,135.6673687383994,15.285302595815086,6650.497127066576,3.482842628151136,1,0,1
30,100.44957385704365,1.03,2,2,5.236582840071202,21.191521523896142,14.882752081708295,11783.292417345863,2.7374729520787757,1,1,1
81,176.86859599911557,1.01,4,3,4.572053333669958,46.18188336320536,9.590351441033471,15512.295262210711,3.7723037317337953,1,0,1
44,106.4481707813356,1.03,2,5,1.4703546272502566,144.67314287648557,14.08676719965507,12466.355023287564,2.6629960615538195,1,1,0
71,123.02451639232908,1.03,1,5,3.3186591425595573,99.74224004788223,9.14854606424998,18793.355057185618,5.928178491145536,1,1,1
23,91.57074840122324,1.005,2,5,1.2435958420821795,54.01727766287584,7.40330161051513,9425.46204590183,2.384985964562865,0,1,0
78,137.18580781833452,1.01,0,1,5.172155331375363,28.70884227146019,9.011365425903772,10882.488698144023,4.356846893810482,1,0,1
39,100.87515370675716,1.01,3,4,3.851556464003292,23.66487425813888,8.786288767542995,4504.879358650383,4.505855421016223,0,0,1
82,92.76918362822694,1.015,3,5,6.334887286782026,51.81686035280055,10.377479967348473,13352.984887882783,4.152318171496217,0,1,0
73,126.8229891290577,1.03,5,2,2.1535286074952738,134.59315654655836,11.184494971754582,7899.603463617803,4.648743542847335,0,1,1
76,70.6056379076463,1.01,0,5,1.734245438220012,74.06877505867624,12.08538891497708,5725.253671764671,2.464723100047564,1,1,1
60,70.84304359141478,1.015,1,0,3.5474917322282584,113.64333799157907,11.76753875508328,12257.031979376638,4.220074096821165,1,1,1
22,94.09756900120436,1.02,0,1,7.449390374137859,139.3770545993945,9.706746059652891,12049.27447745848,3.148850284509446,1,1,1
25,74.03934987509032,1.015,2,0,5.828163612593088,73.04526000836616,7.291706685740745,4289.817900808808,5.760704253204226,1,1,1
24,81.88283295437606,1.025,0,0,3.64192718594689,44.86605823486162,13.051016222371508,14869.662709406037,5.048286613758902,1,0,0
24,107.27467142726267,1.005,0,0,4.379541273157329,87.22533101139953,10.957448298473544,13604.1272410645,5.890057928638971,1,0,0
73,158.28442475377943,1.02,1,3,1.1315975838282375,138.0508793177811,9.986721573875498,6213.293806690453,2.150224278960758,1,0,1
66,132.92535077062308,1.02,2,3,7.884319222820848,124.56867383790107,15.669410428305124,10980.392656618746,3.1405327007228347,1,0,1
68,126.3934498552058,1.025,4,4,5.498054785211892,28.557879637209997,14.467433077981598,15245.48958013552,2.781690346553396,0,1,0
28,102.28377055289336,1.015,4,1,2.6405305134756687,110.03446401008564,15.577655483724422,12000.4075892017,2.044618349247322,1,1,1
39,172.4929091376098,1.005,3,2,4.893562956614333,94.346677919664,11.94982794712461,9723.314295120694,2.9693029209852857,0,1,0
80,113.67165453609108,1.015,5,2,1.3211177455174548,137.9702129250353,8.309312521267774,8479.753787376041,4.715103934081716,0,0,0
54,79.58020434753486,1.01,0,2,7.743775016056877,35.92258419053864,13.962214361212723,13376.69573294891,2.924355688538274,0,0,0
69,137.87731677295812,1.015,3,0,1.8108874091252445,89.42469471660536,9.060737799371752,18964.84787127409,4.036013781930473,0,1,1
81,82.52222328242615,1.02,1,3,5.360227385414106,134.33015015654598,11.412296690917168,14419.662288117215,5.5512724598599945,1,0,1
36,107.97454570818611,1.005,4,1,2.3409084690419784,73.30309227642658,7.650007889488885,4270.680361817364,4.775031681396301,1,0,1
22,125.81531325895898,1.015,0,0,5.8817103698640185,82.65933930527271,15.253084024229825,10831.644549196271,3.578516279624128,0,1,0
51,166.16447771536934,1.005,1,3,6.326160254302108,29.159888096704577,8.259406410475005,18144.010235680667,3.489875755648433,0,1,1
32,124.29012383741306,1.005,5,3,5.5506479668357445,56.158673258358405,16.0309750704931,4605.861238618477,3.822943256033939,0,1,0
33,147.24846426348307,1.01,1,5,5.108745951913944,62.18586439196315,15.642306022615571,19810.88710633824,2.708165764239625,1,0,0
30,179.20985228989775,1.01,0,5,7.193518204640087,142.8659183368353,11.645827644392462,19134.17969197216,4.536003069663952,0,1,1
75,84.46380318877797,1.02,5,1,1.089700332423185,56.74675687035067,14.443682043039908,4330.6661724078895,3.456611276418422,0,1,0
48,100.22046780714714,1.025,1,1,2.981860743351464,79.91293558505475,13.194450738181532,18868.026447642435,5.409461397048174,1,1,1
28,113.4033683157411,1.005,5,1,2.3621560972313445,107.26957506335636,15.030756423377449,9173.254034410857,5.026210640231265,0,0,1
44,116.40109963927144,1.025,0,0,7.910104715490662,41.08383841302406,11.31805100785912,17360.055840289664,4.44205265636864,1,0,0
61,115.21231827921002,1.02,0,4,3.420423347501551,83.23751032844368,14.8580848424435,10112.516741125615,3.4568088905980643,1,1,1
28,169.83721028122105,1.005,5,1,5.994595244302991,116.010075131868,11.62456817065148,10494.53691594277,2.8397273266939376,0,1,1
59,148.5435908913542,1.005,2,5,5.635438729107534,132.69117769351857,16.409657878427936,13782.132546618224,5.104607456422492,0,0,1
44,136.86957354997742,1.03,3,4,2.090609281080333,101.41370570611546,11.863721008251476,16166.116127691716,3.945636395964346,0,0,1
24,104.03099896490605,1.025,1,0,2.292482601586635,106.97695699120322,11.626192719337295,3574.4155661202267,2.89900015270943,1,1,1
30,160.6169422643424,1.015,1,4,2.609634226647756,36.41685143599396,14.850718615635127,13083.651923961284,2.780698460160025,1,0,0
78,175.05665626334877,1.01,2,2,3.583454586945344,142.95094464202515,15.21577691760838,6174.460899655307,2.661603618005436,1,1,1
57,160.33181108052491,1.015,2,4,2.257437992378951,37.23463007298271,12.544891143211707,8881.14180367445,5.10864478482238,0,1,0
24,70.17216157106202,1.025,2,1,0.6473861206013585,120.70748183363378,8.797978134950753,8915.467324638681,2.915948741201247,0,0,0
67,140.00415072017478,1.01,4,0,7.095447926053966,54.42612183118145,11.677582309575795,10974.025783759613,4.10656905410079,0,1,0
37,75.62489195863108,1.015,4,1,7.74207373535663,141.3671086811627,16.680725029096784,8680.319001894946,3.806185443892226,0,1,1
56,98.3367942367094,1.03,5,5,3.06177790273676,113.59474011803232,14.529861930391853,4825.139013661352,4.318443596913136,0,0,1
79,76.54771703825489,1.01,4,2,3.0388015956910466,117.99578268718795,15.11162603879132,5475.688554932674,5.508619601484777,0,1,1
67,136.41749982443264,1.005,0,5,0.5531885958077825,48.47769249778483,7.328254988192401,3568.4457545386604,5.470989560326922,1,0,0
47,145.52489048418676,1.015,5,1,5.601880162477805,77.5951969625709,11.6785946263416,10994.234450588823,3.804304287299439,1,1,1
59,82.59364018724956,1.01,1,1,6.690799218114716,100.31571529660724,13.466211336575554,19225.610812500803,2.061465002938893,1,1,1
64,112.22227713494776,1.03,3,1,1.5995622527000235,120.09657036685812,15.300326836280746,4966.478802017981,3.7057752228572127,0,0,1
81,120.18601598510962,1.01,0,3,1.6974976202536305,33.51471886861064,7.492736535827714,19086.496381052395,4.424774149696562,1,0,1
77,110.59583239370082,1.01,1,2,6.425624374785783,145.1074911390887,15.524388856418732,15467.14575044559,4.231059036392248,1,0,1
75,83.31275005337123,1.03,1,1,5.122180612656085,135.7286871720923,12.484009367419116,13837.479649880774,4.605344423200823,1,0,1
59,116.0842569206223,1.015,5,1,0.8364541822078776,55.14531676442597,8.9731397057606,13969.72184050057,2.616302929892334,0,0,0
59,152.629585258926,1.02,2,5,5.169102428467113,126.95883159420316,10.172552164497,17054.370022736795,4.58614039512293,0,0,1
52,77.8108430986581,1.015,2,5,2.8168829213282454,87.38210999517705,9.819295517515608,4817.637694456964,2.730606474975089,1,1,1
25,78.81980154900938,1.025,0,1,3.2654386660313444,80.03484260306243,12.308590342884758,11580.82350061421,5.002095922786996,0,0,0
38,109.02484210195826,1.03,2,0,6.2729856372266015,60.8764337554827,7.516856799111318,14850.549350432895,3.35635045305072,0,1,1
59,173.58982827808177,1.015,1,3,6.582013945044579,95.52591626210702,8.585361584999236,12975.947566250585,4.839581733525814,0,0,1
78,143.54299113952055,1.01,2,5,3.50267470129873,114.88558530146771,15.126930433757824,17157.24420739601,2.1914623956244283,0,1,1
78,144.65369523398215,1.03,4,0,7.603647020047661,73.42127764515857,8.326039907468111,4228.619053192975,3.6314401023636536,1,1,1
67,109.81119899216516,1.005,2,3,3.5484703846405417,101.79849509107795,9.33396269458127,14741.91767148582,4.820138089053331,0,0,1
60,135.30268703293922,1.015,1,1,6.288770264225825,110.91067975018947,11.533706056041574,12078.471416540202,2.9074820653259765,1,1,1
32,71.11443024305177,1.03,5,2,4.129079484231943,112.44583621198716,12.171208881133303,9445.734687659038,5.18114817918889,1,1,1
64,139.97056510504964,1.015,0,4,7.23149244891563,26.75559275705343,14.636104796141586,8784.674697978524,4.523118932419727,0,1,0
72,170.46156423338604,1.03,3,4,7.30820932737634,131.76721473905872,11.473324266661878,13554.15475716128,4.350247088599193,0,0,1
61,137.38308151793012,1.01,2,1,1.1556260590331289,79.57293091945624,14.898646210355388,18146.921368952502,3.4141954168173485,0,0,0
82,166.10684528129795,1.005,1,5,7.523699984826693,54.11409062050788,13.183463070454575,11434.99074371896,3.9298058815244703,1,1,1
46,149.63703610127033,1.005,3,0,6.691511311403118,51.4293859723586,8.130997394238225,17020.293789307645,4.389397203911413,1,0,1
